1, 996, 1, 1000, 1
1, 300, 2, 1000, 2
1, 145, 3, 1000, 3
1, 111, 4, 1000, 4
1, 93, 5, 1000, 5
1, 81, 6, 1000, 6
1, 73, 7, 1000, 7
1, 67, 8, 1000, 8
1, 62, 9, 1000, 9
1, 58, 10, 1000, 10
1, 55, 11, 1000, 11
1, 52, 12, 1000, 12
1, 49, 13, 1000, 13
1, 47, 14, 1000, 14
1, 45, 15, 1000, 15
1, 43, 16, 1000, 16
1, 42, 17, 1000, 17
1, 40, 18, 1000, 18
1, 39, 19, 1000, 19
1, 38, 20, 1000, 20
1, 37, 21, 1000, 21
1, 36, 22, 1000, 22
1, 35, 23, 1000, 23
1, 34, 24, 1000, 24
1, 33, 25, 1000, 25
1, 32, 26, 1000, 26
1, 32, 27, 1000, 27
1, 31, 28, 1000, 28
1, 30, 29, 1000, 29
1, 30, 30, 1000, 30
1, 29, 31, 1000, 31
1, 29, 32, 1000, 32
1, 28, 33, 1000, 33
1, 28, 34, 1000, 34
1, 27, 35, 1000, 35
1, 27, 36, 1000, 36
1, 26, 37, 1000, 37
1, 26, 38, 1000, 38
1, 25, 39, 1000, 39
1, 25, 40, 1000, 40
1, 25, 41, 1000, 41
1, 24, 42, 1000, 42
1, 24, 43, 1000, 43
1, 23, 44, 1000, 44
1, 23, 45, 1000, 45
1, 23, 46, 1000, 46
1, 23, 47, 1000, 47
1, 22, 48, 1000, 48
1, 22, 49, 1000, 49
1, 22, 50, 1000, 50
1, 21, 51, 1000, 51
1, 21, 52, 1000, 52
1, 21, 53, 1000, 53
1, 21, 54, 1000, 54
1, 20, 55, 1000, 55
1, 20, 56, 1000, 56
1, 20, 57, 1000, 57
1, 20, 58, 1000, 58
1, 20, 59, 1000, 59
1, 19, 60, 1000, 60
1, 19, 61, 1000, 61
1, 19, 62, 1000, 62
1, 19, 63, 1000, 63
1, 19, 64, 1000, 64
1, 18, 65, 1000, 65
1, 18, 66, 1000, 66
1, 18, 67, 1000, 67
1, 18, 68, 1000, 68
1, 18, 69, 1000, 69
1, 18, 70, 1000, 70
1, 17, 71, 1000, 71
1, 17, 72, 1000, 72
1, 17, 73, 1000, 73
1, 17, 74, 1000, 74
1, 17, 75, 1000, 75
1, 17, 76, 1000, 76
1, 17, 77, 1000, 77
1, 16, 78, 1000, 78
1, 16, 79, 1000, 79
1, 16, 80, 1000, 80
1, 16, 81, 1000, 81
1, 16, 82, 1000, 82
1, 16, 83, 1000, 83
1, 16, 84, 1000, 84
1, 15, 85, 1000, 85
1, 15, 86, 1000, 86
1, 15, 87, 1000, 87
1, 15, 88, 1000, 88
1, 15, 89, 1000, 89
1, 15, 90, 1000, 90
1, 15, 91, 1000, 91
1, 15, 92, 1000, 92
1, 15, 93, 1000, 93
1, 14, 94, 1000, 94
1, 14, 95, 1000, 95
1, 14, 96, 1000, 96
1, 14, 97, 1000, 97
1, 14, 98, 1000, 98
1, 14, 99, 1000, 99
1, 14, 100, 1000, 100
1, 14, 101, 1000, 101
1, 14, 102, 1000, 102
1, 14, 103, 1000, 103
1, 14, 104, 1000, 104
1, 13, 105, 1000, 105
1, 13, 106, 1000, 106
1, 13, 107, 1000, 107
1, 13, 108, 1000, 108
1, 13, 109, 1000, 109
1, 13, 110, 1000, 110
1, 13, 111, 1000, 111
1, 13, 112, 1000, 112
1, 13, 113, 1000, 113
1, 13, 114, 1000, 114
1, 13, 115, 1000, 115
1, 13, 116, 1000, 116
1, 12, 117, 1000, 117
1, 12, 118, 1000, 118
1, 12, 119, 1000, 119
1, 12, 120, 1000, 120
1, 12, 121, 1000, 121
1, 12, 122, 1000, 122
1, 12, 123, 1000, 123
1, 12, 124, 1000, 124
1, 12, 125, 1000, 125
1, 12, 126, 1000, 126
1, 12, 127, 1000, 127
1, 12, 128, 1000, 128
1, 12, 129, 1000, 129
1, 12, 130, 1000, 130
1, 12, 131, 1000, 131
1, 11, 132, 1000, 132
1, 11, 133, 1000, 133
1, 11, 134, 1000, 134
1, 11, 135, 1000, 135
1, 11, 136, 1000, 136
1, 11, 137, 1000, 137
1, 11, 138, 1000, 138
1, 11, 139, 1000, 139
1, 11, 140, 1000, 140
1, 11, 141, 1000, 141
1, 11, 142, 1000, 142
1, 11, 143, 1000, 143
1, 11, 144, 1000, 144
1, 11, 145, 1000, 145
1, 11, 146, 1000, 146
1, 11, 147, 1000, 147
1, 11, 148, 1000, 148
1, 11, 149, 1000, 149
1, 10, 150, 1000, 150
1, 10, 151, 1000, 151
1, 10, 152, 1000, 152
1, 10, 153, 1000, 153
1, 10, 154, 1000, 154
1, 10, 155, 1000, 155
1, 10, 156, 1000, 156
1, 10, 157, 1000, 157
1, 10, 158, 1000, 158
1, 10, 159, 1000, 159
1, 10, 160, 1000, 160
1, 10, 161, 1000, 161
1, 10, 162, 1000, 162
1, 10, 163, 1000, 163
1, 10, 164, 1000, 164
1, 10, 165, 1000, 165
1, 10, 166, 1000, 166
1, 10, 167, 1000, 167
1, 10, 168, 1000, 168
1, 10, 169, 1000, 169
1, 10, 170, 1000, 170
1, 10, 171, 1000, 171
1, 9, 172, 1000, 172
1, 9, 173, 1000, 173
1, 9, 174, 1000, 174
1, 9, 175, 1000, 175
1, 9, 176, 1000, 176
1, 9, 177, 1000, 177
1, 9, 178, 1000, 178
1, 9, 179, 1000, 179
1, 9, 180, 1000, 180
1, 9, 181, 1000, 181
1, 9, 182, 1000, 182
1, 9, 183, 1000, 183
1, 9, 184, 1000, 184
1, 9, 185, 1000, 185
1, 9, 186, 1000, 186
1, 9, 187, 1000, 187
1, 9, 188, 1000, 188
1, 9, 189, 1000, 189
1, 9, 190, 1000, 190
1, 9, 191, 1000, 191
1, 9, 192, 1000, 192
1, 9, 193, 1000, 193
1, 9, 194, 1000, 194
1, 9, 195, 1000, 195
1, 9, 196, 1000, 196
1, 9, 197, 1000, 197
1, 9, 198, 1000, 198
1, 8, 199, 1000, 199
1, 8, 200, 1000, 200
1, 8, 201, 1000, 201
1, 8, 202, 1000, 202
1, 8, 203, 1000, 203
1, 8, 204, 1000, 204
1, 8, 205, 1000, 205
1, 8, 206, 1000, 206
1, 8, 207, 1000, 207
1, 8, 208, 1000, 208
1, 8, 209, 1000, 209
1, 8, 210, 1000, 210
1, 8, 211, 1000, 211
1, 8, 212, 1000, 212
1, 8, 213, 1000, 213
1, 8, 214, 1000, 214
1, 8, 215, 1000, 215
1, 8, 216, 1000, 216
1, 8, 217, 1000, 217
1, 8, 218, 1000, 218
1, 8, 219, 1000, 219
1, 8, 220, 1000, 220
1, 8, 221, 1000, 221
1, 8, 222, 1000, 222
1, 8, 223, 1000, 223
1, 8, 224, 1000, 224
1, 8, 225, 1000, 225
1, 8, 226, 1000, 226
1, 8, 227, 1000, 227
1, 8, 228, 1000, 228
1, 8, 229, 1000, 229
1, 8, 230, 1000, 230
1, 8, 231, 1000, 231
1, 8, 232, 1000, 232
1, 7, 233, 1000, 233
1, 7, 234, 1000, 234
1, 7, 235, 1000, 235
1, 7, 236, 1000, 236
1, 7, 237, 1000, 237
1, 7, 238, 1000, 238
1, 7, 239, 1000, 239
1, 7, 240, 1000, 240
1, 7, 241, 1000, 241
1, 7, 242, 1000, 242
1, 7, 243, 1000, 243
1, 7, 244, 1000, 244
1, 7, 245, 1000, 245
1, 7, 246, 1000, 246
1, 7, 247, 1000, 247
1, 7, 248, 1000, 248
1, 7, 249, 1000, 249
1, 7, 250, 1000, 250
1, 7, 251, 1000, 251
1, 7, 252, 1000, 252
1, 7, 253, 1000, 253
1, 7, 254, 1000, 254
1, 7, 255, 1000, 255
1, 7, 256, 1000, 256
1, 7, 257, 1000, 257
1, 7, 258, 1000, 258
1, 7, 259, 1000, 259
1, 7, 260, 1000, 260
1, 7, 261, 1000, 261
1, 7, 262, 1000, 262
1, 7, 263, 1000, 263
1, 7, 264, 1000, 264
1, 7, 265, 1000, 265
1, 7, 266, 1000, 266
1, 7, 267, 1000, 267
1, 7, 268, 1000, 268
1, 7, 269, 1000, 269
1, 7, 270, 1000, 270
1, 7, 271, 1000, 271
1, 7, 272, 1000, 272
1, 7, 273, 1000, 273
1, 7, 274, 1000, 274
1, 7, 275, 1000, 275
1, 7, 276, 1000, 276
1, 6, 277, 1000, 277
1, 6, 278, 1000, 278
1, 6, 279, 1000, 279
1, 6, 280, 1000, 280
1, 6, 281, 1000, 281
1, 6, 282, 1000, 282
1, 6, 283, 1000, 283
1, 6, 284, 1000, 284
1, 6, 285, 1000, 285
1, 6, 286, 1000, 286
1, 6, 287, 1000, 287
1, 6, 288, 1000, 288
1, 6, 289, 1000, 289
1, 6, 290, 1000, 290
1, 6, 291, 1000, 291
1, 6, 292, 1000, 292
1, 6, 293, 1000, 293
1, 6, 294, 1000, 294
1, 6, 295, 1000, 295
1, 6, 296, 1000, 296
1, 6, 297, 1000, 297
1, 6, 298, 1000, 298
1, 6, 299, 1000, 299
1, 6, 300, 1000, 300
1, 6, 301, 1000, 301
1, 6, 302, 1000, 302
1, 6, 303, 1000, 303
1, 6, 304, 1000, 304
1, 6, 305, 1000, 305
1, 6, 306, 1000, 306
1, 6, 307, 1000, 307
1, 6, 308, 1000, 308
1, 6, 309, 1000, 309
1, 6, 310, 1000, 310
1, 6, 311, 1000, 311
1, 6, 312, 1000, 312
1, 6, 313, 1000, 313
1, 6, 314, 1000, 314
1, 6, 315, 1000, 315
1, 6, 316, 1000, 316
1, 6, 317, 1000, 317
1, 6, 318, 1000, 318
1, 6, 319, 1000, 319
1, 6, 320, 1000, 320
1, 6, 321, 1000, 321
1, 6, 322, 1000, 322
1, 6, 323, 1000, 323
1, 6, 324, 1000, 324
1, 6, 325, 1000, 325
1, 6, 326, 1000, 326
1, 6, 327, 1000, 327
1, 6, 328, 1000, 328
1, 6, 329, 1000, 329
1, 6, 330, 1000, 330
1, 6, 331, 1000, 331
1, 6, 332, 1000, 332
1, 6, 333, 1000, 333
1, 6, 334, 1000, 333
1, 6, 335, 1000, 333
1, 6, 336, 1000, 333
1, 6, 337, 1000, 333
1, 6, 338, 1000, 333
1, 6, 339, 1000, 333
1, 6, 340, 1000, 333
1, 6, 341, 1000, 333
1, 6, 342, 1000, 333
1, 6, 343, 1000, 333
1, 6, 344, 1000, 333
1, 6, 345, 1000, 333
1, 6, 346, 1000, 333
1, 6, 347, 1000, 333
1, 6, 348, 1000, 333
1, 6, 349, 1000, 333
1, 6, 350, 1000, 333
1, 6, 351, 1000, 333
1, 6, 352, 1000, 333
1, 6, 353, 1000, 333
1, 6, 354, 1000, 333
1, 6, 355, 1000, 333
1, 6, 356, 1000, 333
1, 6, 357, 1000, 333
1, 6, 358, 1000, 333
1, 6, 359, 1000, 333
1, 6, 360, 1000, 333
1, 6, 361, 1000, 333
1, 6, 362, 1000, 333
1, 6, 363, 1000, 333
1, 6, 364, 1000, 333
1, 6, 365, 1000, 333
1, 6, 366, 1000, 333
1, 6, 367, 1000, 333
1, 6, 368, 1000, 333
1, 6, 369, 1000, 333
1, 6, 370, 1000, 333
1, 6, 371, 1000, 333
1, 6, 372, 1000, 333
1, 6, 373, 1000, 333
1, 6, 374, 1000, 333
1, 6, 375, 1000, 333
1, 6, 376, 1000, 333
1, 6, 377, 1000, 333
1, 6, 378, 1000, 333
1, 6, 379, 1000, 333
1, 6, 380, 1000, 333
1, 6, 381, 1000, 333
1, 6, 382, 1000, 333
1, 6, 383, 1000, 333
1, 6, 384, 1000, 333
1, 6, 385, 1000, 333
1, 6, 386, 1000, 333
1, 6, 387, 1000, 333
1, 6, 388, 1000, 333
1, 6, 389, 1000, 333
1, 6, 390, 1000, 333
1, 6, 391, 1000, 333
1, 6, 392, 1000, 333
1, 6, 393, 1000, 333
1, 6, 394, 1000, 333
1, 6, 395, 1000, 333
1, 6, 396, 1000, 333
1, 6, 397, 1000, 333
1, 6, 398, 1000, 333
1, 6, 399, 1000, 333
1, 6, 400, 1000, 333
1, 6, 401, 1000, 333
1, 6, 402, 1000, 333
1, 6, 403, 1000, 333
1, 6, 404, 1000, 333
1, 6, 405, 1000, 333
1, 6, 406, 1000, 333
1, 6, 407, 1000, 333
1, 6, 408, 1000, 333
1, 6, 409, 1000, 333
1, 6, 410, 1000, 333
1, 6, 411, 1000, 333
1, 6, 412, 1000, 333
1, 6, 413, 1000, 333
1, 6, 414, 1000, 333
1, 6, 415, 1000, 333
1, 6, 416, 1000, 333
1, 6, 417, 1000, 333
1, 6, 418, 1000, 333
1, 6, 419, 1000, 333
1, 6, 420, 1000, 333
1, 6, 421, 1000, 333
1, 6, 422, 1000, 333
1, 6, 423, 1000, 333
1, 6, 424, 1000, 333
1, 6, 425, 1000, 333
1, 6, 426, 1000, 333
1, 6, 427, 1000, 333
1, 6, 428, 1000, 333
1, 6, 429, 1000, 333
1, 6, 430, 1000, 333
1, 6, 431, 1000, 333
1, 6, 432, 1000, 333
1, 6, 433, 1000, 333
1, 6, 434, 1000, 333
1, 6, 435, 1000, 333
1, 6, 436, 1000, 333
1, 6, 437, 1000, 333
1, 6, 438, 1000, 333
1, 6, 439, 1000, 333
1, 6, 440, 1000, 333
1, 6, 441, 1000, 333
1, 6, 442, 1000, 333
1, 6, 443, 1000, 333
1, 6, 444, 1000, 333
1, 6, 445, 1000, 333
1, 6, 446, 1000, 333
1, 6, 447, 1000, 333
1, 6, 448, 1000, 333
1, 6, 449, 1000, 333
1, 6, 450, 1000, 333
1, 6, 451, 1000, 333
1, 6, 452, 1000, 333
1, 6, 453, 1000, 333
1, 6, 454, 1000, 333
1, 6, 455, 1000, 333
1, 6, 456, 1000, 333
1, 6, 457, 1000, 333
1, 6, 458, 1000, 333
1, 6, 459, 1000, 333
1, 6, 460, 1000, 333
1, 6, 461, 1000, 333
1, 6, 462, 1000, 333
1, 6, 463, 1000, 333
1, 6, 464, 1000, 333
1, 6, 465, 1000, 333
1, 6, 466, 1000, 333
1, 6, 467, 1000, 333
1, 6, 468, 1000, 333
1, 6, 469, 1000, 333
1, 6, 470, 1000, 333
1, 6, 471, 1000, 333
1, 6, 472, 1000, 333
1, 6, 473, 1000, 333
1, 6, 474, 1000, 333
1, 6, 475, 1000, 333
1, 6, 476, 1000, 333
1, 6, 477, 1000, 333
1, 6, 478, 1000, 333
1, 6, 479, 1000, 333
1, 6, 480, 1000, 333
1, 6, 481, 1000, 333
1, 6, 482, 1000, 333
1, 6, 483, 1000, 333
1, 6, 484, 1000, 333
1, 6, 485, 1000, 333
1, 6, 486, 1000, 333
1, 6, 487, 1000, 333
1, 6, 488, 1000, 333
1, 6, 489, 1000, 333
1, 6, 490, 1000, 333
1, 6, 491, 1000, 333
1, 6, 492, 1000, 333
1, 6, 493, 1000, 333
1, 6, 494, 1000, 333
1, 6, 495, 1000, 333
1, 6, 496, 1000, 333
1, 6, 497, 1000, 333
1, 6, 498, 1000, 333
1, 6, 499, 1000, 333
1, 6, 500, 1000, 333
1, 6, 501, 1000, 333
1, 6, 502, 1000, 333
1, 6, 503, 1000, 333
1, 6, 504, 1000, 333
1, 6, 505, 1000, 333
1, 6, 506, 1000, 333
1, 6, 507, 1000, 333
1, 6, 508, 1000, 333
1, 6, 509, 1000, 333
1, 6, 510, 1000, 333
1, 6, 511, 1000, 333
1, 6, 512, 1000, 333
1, 6, 513, 1000, 333
1, 6, 514, 1000, 333
1, 6, 515, 1000, 333
1, 6, 516, 1000, 333
1, 6, 517, 1000, 333
1, 6, 518, 1000, 333
1, 6, 519, 1000, 333
1, 6, 520, 1000, 333
1, 6, 521, 1000, 333
1, 6, 522, 1000, 333
1, 6, 523, 1000, 333
1, 6, 524, 1000, 333
1, 6, 525, 1000, 333
1, 6, 526, 1000, 333
1, 6, 527, 1000, 333
1, 6, 528, 1000, 333
1, 6, 529, 1000, 333
1, 6, 530, 1000, 333
1, 6, 531, 1000, 333
1, 6, 532, 1000, 333
1, 6, 533, 1000, 333
1, 6, 534, 1000, 333
1, 6, 535, 1000, 333
1, 6, 536, 1000, 333
1, 6, 537, 1000, 333
1, 6, 538, 1000, 333
1, 6, 539, 1000, 333
1, 6, 540, 1000, 333
1, 6, 541, 1000, 333
1, 6, 542, 1000, 333
1, 6, 543, 1000, 333
1, 6, 544, 1000, 333
1, 6, 545, 1000, 333
1, 6, 546, 1000, 333
1, 6, 547, 1000, 333
1, 6, 548, 1000, 333
1, 6, 549, 1000, 333
1, 6, 550, 1000, 333
1, 6, 551, 1000, 333
1, 6, 552, 1000, 333
1, 6, 553, 1000, 333
1, 6, 554, 1000, 333
1, 6, 555, 1000, 333
1, 6, 556, 1000, 333
1, 6, 557, 1000, 333
1, 6, 558, 1000, 333
1, 6, 559, 1000, 333
1, 6, 560, 1000, 333
1, 6, 561, 1000, 333
1, 6, 562, 1000, 333
1, 6, 563, 1000, 333
1, 6, 564, 1000, 333
1, 6, 565, 1000, 333
1, 6, 566, 1000, 333
1, 6, 567, 1000, 333
1, 6, 568, 1000, 333
1, 6, 569, 1000, 333
1, 6, 570, 1000, 333
1, 6, 571, 1000, 333
1, 6, 572, 1000, 333
1, 6, 573, 1000, 333
1, 6, 574, 1000, 333
1, 6, 575, 1000, 333
1, 6, 576, 1000, 333
1, 6, 577, 1000, 333
1, 6, 578, 1000, 333
1, 6, 579, 1000, 333
1, 6, 580, 1000, 333
1, 6, 581, 1000, 333
1, 6, 582, 1000, 333
1, 6, 583, 1000, 333
1, 6, 584, 1000, 333
1, 6, 585, 1000, 333
1, 6, 586, 1000, 333
1, 6, 587, 1000, 333
1, 6, 588, 1000, 333
1, 6, 589, 1000, 333
1, 6, 590, 1000, 333
1, 6, 591, 1000, 333
1, 6, 592, 1000, 333
1, 6, 593, 1000, 333
1, 6, 594, 1000, 333
1, 6, 595, 1000, 333
1, 6, 596, 1000, 333
1, 6, 597, 1000, 333
1, 6, 598, 1000, 333
1, 6, 599, 1000, 333
1, 6, 600, 1000, 333
1, 6, 601, 1000, 333
1, 6, 602, 1000, 333
1, 6, 603, 1000, 333
1, 6, 604, 1000, 333
1, 6, 605, 1000, 333
1, 6, 606, 1000, 333
1, 6, 607, 1000, 333
1, 6, 608, 1000, 333
1, 6, 609, 1000, 333
1, 6, 610, 1000, 333
1, 6, 611, 1000, 333
1, 6, 612, 1000, 333
1, 6, 613, 1000, 333
1, 6, 614, 1000, 333
1, 6, 615, 1000, 333
1, 6, 616, 1000, 333
1, 6, 617, 1000, 333
1, 6, 618, 1000, 333
1, 6, 619, 1000, 333
1, 6, 620, 1000, 333
1, 6, 621, 1000, 333
1, 6, 622, 1000, 333
1, 6, 623, 1000, 333
1, 6, 624, 1000, 333
1, 6, 625, 1000, 333
1, 6, 626, 1000, 333
1, 6, 627, 1000, 333
1, 6, 628, 1000, 333
1, 6, 629, 1000, 333
1, 6, 630, 1000, 333
1, 6, 631, 1000, 333
1, 6, 632, 1000, 333
1, 6, 633, 1000, 333
1, 6, 634, 1000, 333
1, 6, 635, 1000, 333
1, 6, 636, 1000, 333
1, 6, 637, 1000, 333
1, 6, 638, 1000, 333
1, 6, 639, 1000, 333
1, 6, 640, 1000, 333
1, 6, 641, 1000, 333
1, 6, 642, 1000, 333
1, 6, 643, 1000, 333
1, 6, 644, 1000, 333
1, 6, 645, 1000, 333
1, 6, 646, 1000, 333
1, 6, 647, 1000, 333
1, 6, 648, 1000, 333
1, 6, 649, 1000, 333
1, 6, 650, 1000, 333
1, 6, 651, 1000, 333
1, 6, 652, 1000, 333
1, 6, 653, 1000, 333
1, 6, 654, 1000, 333
1, 6, 655, 1000, 333
1, 6, 656, 1000, 333
1, 6, 657, 1000, 333
1, 6, 658, 1000, 333
1, 6, 659, 1000, 333
1, 6, 660, 1000, 333
1, 6, 661, 1000, 333
1, 6, 662, 1000, 333
1, 6, 663, 1000, 333
1, 6, 664, 1000, 333
1, 6, 665, 1000, 333
1, 6, 666, 1000, 333
1, 6, 667, 1000, 333
1, 6, 668, 1000, 332
1, 6, 669, 1000, 331
1, 6, 670, 1000, 330
1, 6, 671, 1000, 329
1, 6, 672, 1000, 328
1, 6, 673, 1000, 327
1, 6, 674, 1000, 326
1, 6, 675, 1000, 325
1, 6, 676, 1000, 324
1, 6, 677, 1000, 323
1, 6, 678, 1000, 322
1, 6, 679, 1000, 321
1, 6, 680, 1000, 320
1, 6, 681, 1000, 319
1, 6, 682, 1000, 318
1, 6, 683, 1000, 317
1, 6, 684, 1000, 316
1, 6, 685, 1000, 315
1, 6, 686, 1000, 314
1, 6, 687, 1000, 313
1, 6, 688, 1000, 312
1, 6, 689, 1000, 311
1, 6, 690, 1000, 310
1, 6, 691, 1000, 309
1, 6, 692, 1000, 308
1, 6, 693, 1000, 307
1, 6, 694, 1000, 306
1, 6, 695, 1000, 305
1, 6, 696, 1000, 304
1, 6, 697, 1000, 303
1, 6, 698, 1000, 302
1, 6, 699, 1000, 301
1, 6, 700, 1000, 300
1, 6, 701, 1000, 299
1, 6, 702, 1000, 298
1, 6, 703, 1000, 297
1, 6, 704, 1000, 296
1, 6, 705, 1000, 295
1, 6, 706, 1000, 294
1, 6, 707, 1000, 293
1, 6, 708, 1000, 292
1, 6, 709, 1000, 291
1, 6, 710, 1000, 290
1, 6, 711, 1000, 289
1, 6, 712, 1000, 288
1, 6, 713, 1000, 287
1, 6, 714, 1000, 286
1, 6, 715, 1000, 285
1, 6, 716, 1000, 284
1, 6, 717, 1000, 283
1, 6, 718, 1000, 282
1, 6, 719, 1000, 281
1, 6, 720, 1000, 280
1, 6, 721, 1000, 279
1, 6, 722, 1000, 278
1, 6, 723, 1000, 277
1, 6, 724, 1000, 276
1, 6, 725, 1000, 275
1, 7, 726, 1000, 274
1, 7, 727, 1000, 273
1, 7, 728, 1000, 272
1, 7, 729, 1000, 271
1, 7, 730, 1000, 270
1, 7, 731, 1000, 269
1, 7, 732, 1000, 268
1, 7, 733, 1000, 267
1, 7, 734, 1000, 266
1, 7, 735, 1000, 265
1, 7, 736, 1000, 264
1, 7, 737, 1000, 263
1, 7, 738, 1000, 262
1, 7, 739, 1000, 261
1, 7, 740, 1000, 260
1, 7, 741, 1000, 259
1, 7, 742, 1000, 258
1, 7, 743, 1000, 257
1, 7, 744, 1000, 256
1, 7, 745, 1000, 255
1, 7, 746, 1000, 254
1, 7, 747, 1000, 253
1, 7, 748, 1000, 252
1, 7, 749, 1000, 251
1, 7, 750, 1000, 250
1, 7, 751, 1000, 249
1, 7, 752, 1000, 248
1, 7, 753, 1000, 247
1, 7, 754, 1000, 246
1, 7, 755, 1000, 245
1, 7, 756, 1000, 244
1, 7, 757, 1000, 243
1, 7, 758, 1000, 242
1, 7, 759, 1000, 241
1, 7, 760, 1000, 240
1, 7, 761, 1000, 239
1, 7, 762, 1000, 238
1, 7, 763, 1000, 237
1, 7, 764, 1000, 236
1, 7, 765, 1000, 235
1, 7, 766, 1000, 234
1, 7, 767, 1000, 233
1, 7, 768, 1000, 232
1, 7, 769, 1000, 231
1, 8, 770, 1000, 230
1, 8, 771, 1000, 229
1, 8, 772, 1000, 228
1, 8, 773, 1000, 227
1, 8, 774, 1000, 226
1, 8, 775, 1000, 225
1, 8, 776, 1000, 224
1, 8, 777, 1000, 223
1, 8, 778, 1000, 222
1, 8, 779, 1000, 221
1, 8, 780, 1000, 220
1, 8, 781, 1000, 219
1, 8, 782, 1000, 218
1, 8, 783, 1000, 217
1, 8, 784, 1000, 216
1, 8, 785, 1000, 215
1, 8, 786, 1000, 214
1, 8, 787, 1000, 213
1, 8, 788, 1000, 212
1, 8, 789, 1000, 211
1, 8, 790, 1000, 210
1, 8, 791, 1000, 209
1, 8, 792, 1000, 208
1, 8, 793, 1000, 207
1, 8, 794, 1000, 206
1, 8, 795, 1000, 205
1, 8, 796, 1000, 204
1, 8, 797, 1000, 203
1, 8, 798, 1000, 202
1, 8, 799, 1000, 201
1, 8, 800, 1000, 200
1, 8, 801, 1000, 199
1, 8, 802, 1000, 198
1, 8, 803, 1000, 197
1, 9, 804, 1000, 196
1, 9, 805, 1000, 195
1, 9, 806, 1000, 194
1, 9, 807, 1000, 193
1, 9, 808, 1000, 192
1, 9, 809, 1000, 191
1, 9, 810, 1000, 190
1, 9, 811, 1000, 189
1, 9, 812, 1000, 188
1, 9, 813, 1000, 187
1, 9, 814, 1000, 186
1, 9, 815, 1000, 185
1, 9, 816, 1000, 184
1, 9, 817, 1000, 183
1, 9, 818, 1000, 182
1, 9, 819, 1000, 181
1, 9, 820, 1000, 180
1, 9, 821, 1000, 179
1, 9, 822, 1000, 178
1, 9, 823, 1000, 177
1, 9, 824, 1000, 176
1, 9, 825, 1000, 175
1, 9, 826, 1000, 174
1, 9, 827, 1000, 173
1, 9, 828, 1000, 172
1, 9, 829, 1000, 171
1, 9, 830, 1000, 170
1, 10, 831, 1000, 169
1, 10, 832, 1000, 168
1, 10, 833, 1000, 167
1, 10, 834, 1000, 166
1, 10, 835, 1000, 165
1, 10, 836, 1000, 164
1, 10, 837, 1000, 163
1, 10, 838, 1000, 162
1, 10, 839, 1000, 161
1, 10, 840, 1000, 160
1, 10, 841, 1000, 159
1, 10, 842, 1000, 158
1, 10, 843, 1000, 157
1, 10, 844, 1000, 156
1, 10, 845, 1000, 155
1, 10, 846, 1000, 154
1, 10, 847, 1000, 153
1, 10, 848, 1000, 152
1, 10, 849, 1000, 151
1, 10, 850, 1000, 150
1, 10, 851, 1000, 149
1, 10, 852, 1000, 148
1, 11, 853, 1000, 147
1, 11, 854, 1000, 146
1, 11, 855, 1000, 145
1, 11, 856, 1000, 144
1, 11, 857, 1000, 143
1, 11, 858, 1000, 142
1, 11, 859, 1000, 141
1, 11, 860, 1000, 140
1, 11, 861, 1000, 139
1, 11, 862, 1000, 138
1, 11, 863, 1000, 137
1, 11, 864, 1000, 136
1, 11, 865, 1000, 135
1, 11, 866, 1000, 134
1, 11, 867, 1000, 133
1, 11, 868, 1000, 132
1, 11, 869, 1000, 131
1, 11, 870, 1000, 130
1, 12, 871, 1000, 129
1, 12, 872, 1000, 128
1, 12, 873, 1000, 127
1, 12, 874, 1000, 126
1, 12, 875, 1000, 125
1, 12, 876, 1000, 124
1, 12, 877, 1000, 123
1, 12, 878, 1000, 122
1, 12, 879, 1000, 121
1, 12, 880, 1000, 120
1, 12, 881, 1000, 119
1, 12, 882, 1000, 118
1, 12, 883, 1000, 117
1, 12, 884, 1000, 116
1, 12, 885, 1000, 115
1, 13, 886, 1000, 114
1, 13, 887, 1000, 113
1, 13, 888, 1000, 112
1, 13, 889, 1000, 111
1, 13, 890, 1000, 110
1, 13, 891, 1000, 109
1, 13, 892, 1000, 108
1, 13, 893, 1000, 107
1, 13, 894, 1000, 106
1, 13, 895, 1000, 105
1, 13, 896, 1000, 104
1, 13, 897, 1000, 103
1, 14, 898, 1000, 102
1, 14, 899, 1000, 101
1, 14, 900, 1000, 100
1, 14, 901, 1000, 99
1, 14, 902, 1000, 98
1, 14, 903, 1000, 97
1, 14, 904, 1000, 96
1, 14, 905, 1000, 95
1, 14, 906, 1000, 94
1, 14, 907, 1000, 93
1, 14, 908, 1000, 92
1, 15, 909, 1000, 91
1, 15, 910, 1000, 90
1, 15, 911, 1000, 89
1, 15, 912, 1000, 88
1, 15, 913, 1000, 87
1, 15, 914, 1000, 86
1, 15, 915, 1000, 85
1, 15, 916, 1000, 84
1, 15, 917, 1000, 83
1, 16, 918, 1000, 82
1, 16, 919, 1000, 81
1, 16, 920, 1000, 80
1, 16, 921, 1000, 79
1, 16, 922, 1000, 78
1, 16, 923, 1000, 77
1, 16, 924, 1000, 76
1, 17, 925, 1000, 75
1, 17, 926, 1000, 74
1, 17, 927, 1000, 73
1, 17, 928, 1000, 72
1, 17, 929, 1000, 71
1, 17, 930, 1000, 70
1, 17, 931, 1000, 69
1, 18, 932, 1000, 68
1, 18, 933, 1000, 67
1, 18, 934, 1000, 66
1, 18, 935, 1000, 65
1, 18, 936, 1000, 64
1, 18, 937, 1000, 63
1, 19, 938, 1000, 62
1, 19, 939, 1000, 61
1, 19, 940, 1000, 60
1, 19, 941, 1000, 59
1, 19, 942, 1000, 58
1, 20, 943, 1000, 57
1, 20, 944, 1000, 56
1, 20, 945, 1000, 55
1, 20, 946, 1000, 54
1, 20, 947, 1000, 53
1, 21, 948, 1000, 52
1, 21, 949, 1000, 51
1, 21, 950, 1000, 50
1, 21, 951, 1000, 49
1, 22, 952, 1000, 48
1, 22, 953, 1000, 47
1, 22, 954, 1000, 46
1, 23, 955, 1000, 45
1, 23, 956, 1000, 44
1, 23, 957, 1000, 43
1, 23, 958, 1000, 42
1, 24, 959, 1000, 41
1, 24, 960, 1000, 40
1, 25, 961, 1000, 39
1, 25, 962, 1000, 38
1, 25, 963, 1000, 37
1, 26, 964, 1000, 36
1, 26, 965, 1000, 35
1, 27, 966, 1000, 34
1, 27, 967, 1000, 33
1, 28, 968, 1000, 32
1, 28, 969, 1000, 31
1, 29, 970, 1000, 30
1, 29, 971, 1000, 29
1, 30, 972, 1000, 28
1, 30, 973, 1000, 27
1, 31, 974, 1000, 26
1, 32, 975, 1000, 25
1, 32, 976, 1000, 24
1, 33, 977, 1000, 23
1, 34, 978, 1000, 22
1, 35, 979, 1000, 21
1, 36, 980, 1000, 20
1, 37, 981, 1000, 19
1, 38, 982, 1000, 18
1, 39, 983, 1000, 17
1, 40, 984, 1000, 16
1, 42, 985, 1000, 15
1, 43, 986, 1000, 14
1, 45, 987, 1000, 13
1, 47, 988, 1000, 12
1, 49, 989, 1000, 11
1, 52, 990, 1000, 10
1, 55, 991, 1000, 9
1, 58, 992, 1000, 8
1, 62, 993, 1000, 7
1, 67, 994, 1000, 6
1, 73, 995, 1000, 5
1, 81, 996, 1000, 4
1, 93, 997, 1000, 3
1, 111, 998, 1000, 2
1, 145, 999, 1000, 1
1, 300, 1000, 1000, 0
1, 996, 1001, 1200, 1
1, 300, 1002, 1200, 2
1, 145, 1003, 1200, 3
1, 111, 1004, 1200, 4
1, 93, 1005, 1200, 5
1, 81, 1006, 1200, 6
1, 73, 1007, 1200, 7
1, 67, 1008, 1200, 8
1, 62, 1009, 1200, 9
1, 58, 1010, 1200, 10
1, 55, 1011, 1200, 11
1, 52, 1012, 1200, 12
1, 49, 1013, 1200, 13
1, 47, 1014, 1200, 14
1, 45, 1015, 1200, 15
1, 43, 1016, 1200, 16
1, 42, 1017, 1200, 17
1, 40, 1018, 1200, 18
1, 39, 1019, 1200, 19
1, 38, 1020, 1200, 20
1, 37, 1021, 1200, 21
1, 36, 1022, 1200, 22
1, 35, 1023, 1200, 23
1, 34, 1024, 1200, 24
1, 33, 1025, 1200, 25
1, 32, 1026, 1200, 26
1, 32, 1027, 1200, 27
1, 31, 1028, 1200, 28
1, 30, 1029, 1200, 29
1, 30, 1030, 1200, 30
1, 29, 1031, 1200, 31
1, 29, 1032, 1200, 32
1, 28, 1033, 1200, 33
1, 28, 1034, 1200, 34
1, 27, 1035, 1200, 35
1, 27, 1036, 1200, 36
1, 26, 1037, 1200, 37
1, 26, 1038, 1200, 38
1, 25, 1039, 1200, 39
1, 25, 1040, 1200, 40
1, 25, 1041, 1200, 41
1, 24, 1042, 1200, 42
1, 24, 1043, 1200, 43
1, 23, 1044, 1200, 44
1, 23, 1045, 1200, 45
1, 23, 1046, 1200, 46
1, 23, 1047, 1200, 47
1, 22, 1048, 1200, 48
1, 22, 1049, 1200, 49
1, 22, 1050, 1200, 50
1, 21, 1051, 1200, 51
1, 21, 1052, 1200, 52
1, 21, 1053, 1200, 53
1, 21, 1054, 1200, 54
1, 20, 1055, 1200, 55
1, 20, 1056, 1200, 56
1, 20, 1057, 1200, 57
1, 20, 1058, 1200, 58
1, 20, 1059, 1200, 59
1, 19, 1060, 1200, 60
1, 19, 1061, 1200, 61
1, 19, 1062, 1200, 62
1, 19, 1063, 1200, 63
1, 19, 1064, 1200, 64
1, 18, 1065, 1200, 65
1, 18, 1066, 1200, 66
1, 18, 1067, 1200, 67
1, 18, 1068, 1200, 68
1, 18, 1069, 1200, 69
1, 18, 1070, 1200, 70
1, 17, 1071, 1200, 71
1, 17, 1072, 1200, 72
1, 17, 1073, 1200, 73
1, 17, 1074, 1200, 74
1, 17, 1075, 1200, 75
1, 17, 1076, 1200, 76
1, 17, 1077, 1200, 77
1, 16, 1078, 1200, 78
1, 16, 1079, 1200, 79
1, 16, 1080, 1200, 80
1, 16, 1081, 1200, 81
1, 16, 1082, 1200, 82
1, 16, 1083, 1200, 83
1, 16, 1084, 1200, 84
1, 15, 1085, 1200, 85
1, 15, 1086, 1200, 86
1, 15, 1087, 1200, 87
1, 15, 1088, 1200, 88
1, 15, 1089, 1200, 89
1, 15, 1090, 1200, 90
1, 15, 1091, 1200, 91
1, 15, 1092, 1200, 92
1, 15, 1093, 1200, 93
1, 14, 1094, 1200, 94
1, 14, 1095, 1200, 95
1, 14, 1096, 1200, 96
1, 14, 1097, 1200, 97
1, 14, 1098, 1200, 98
1, 14, 1099, 1200, 99
1, 14, 1100, 1200, 100
1, 14, 1101, 1200, 99
1, 14, 1102, 1200, 98
1, 14, 1103, 1200, 97
1, 14, 1104, 1200, 96
1, 14, 1105, 1200, 95
1, 14, 1106, 1200, 94
1, 14, 1107, 1200, 93
1, 14, 1108, 1200, 92
1, 15, 1109, 1200, 91
1, 15, 1110, 1200, 90
1, 15, 1111, 1200, 89
1, 15, 1112, 1200, 88
1, 15, 1113, 1200, 87
1, 15, 1114, 1200, 86
1, 15, 1115, 1200, 85
1, 15, 1116, 1200, 84
1, 15, 1117, 1200, 83
1, 16, 1118, 1200, 82
1, 16, 1119, 1200, 81
1, 16, 1120, 1200, 80
1, 16, 1121, 1200, 79
1, 16, 1122, 1200, 78
1, 16, 1123, 1200, 77
1, 16, 1124, 1200, 76
1, 17, 1125, 1200, 75
1, 17, 1126, 1200, 74
1, 17, 1127, 1200, 73
1, 17, 1128, 1200, 72
1, 17, 1129, 1200, 71
1, 17, 1130, 1200, 70
1, 17, 1131, 1200, 69
1, 18, 1132, 1200, 68
1, 18, 1133, 1200, 67
1, 18, 1134, 1200, 66
1, 18, 1135, 1200, 65
1, 18, 1136, 1200, 64
1, 18, 1137, 1200, 63
1, 19, 1138, 1200, 62
1, 19, 1139, 1200, 61
1, 19, 1140, 1200, 60
1, 19, 1141, 1200, 59
1, 19, 1142, 1200, 58
1, 20, 1143, 1200, 57
1, 20, 1144, 1200, 56
1, 20, 1145, 1200, 55
1, 20, 1146, 1200, 54
1, 20, 1147, 1200, 53
1, 21, 1148, 1200, 52
1, 21, 1149, 1200, 51
1, 21, 1150, 1200, 50
1, 21, 1151, 1200, 49
1, 22, 1152, 1200, 48
1, 22, 1153, 1200, 47
1, 22, 1154, 1200, 46
1, 23, 1155, 1200, 45
1, 23, 1156, 1200, 44
1, 23, 1157, 1200, 43
1, 23, 1158, 1200, 42
1, 24, 1159, 1200, 41
1, 24, 1160, 1200, 40
1, 25, 1161, 1200, 39
1, 25, 1162, 1200, 38
1, 25, 1163, 1200, 37
1, 26, 1164, 1200, 36
1, 26, 1165, 1200, 35
1, 27, 1166, 1200, 34
1, 27, 1167, 1200, 33
1, 28, 1168, 1200, 32
1, 28, 1169, 1200, 31
1, 29, 1170, 1200, 30
1, 29, 1171, 1200, 29
1, 30, 1172, 1200, 28
1, 30, 1173, 1200, 27
1, 31, 1174, 1200, 26
1, 32, 1175, 1200, 25
1, 32, 1176, 1200, 24
1, 33, 1177, 1200, 23
1, 34, 1178, 1200, 22
1, 35, 1179, 1200, 21
1, 36, 1180, 1200, 20
1, 37, 1181, 1200, 19
1, 38, 1182, 1200, 18
1, 39, 1183, 1200, 17
1, 40, 1184, 1200, 16
1, 42, 1185, 1200, 15
1, 43, 1186, 1200, 14
1, 45, 1187, 1200, 13
1, 47, 1188, 1200, 12
1, 49, 1189, 1200, 11
1, 52, 1190, 1200, 10
1, 55, 1191, 1200, 9
1, 58, 1192, 1200, 8
1, 62, 1193, 1200, 7
1, 67, 1194, 1200, 6
1, 73, 1195, 1200, 5
1, 81, 1196, 1200, 4
1, 93, 1197, 1200, 3
1, 111, 1198, 1200, 2
1, 145, 1199, 1200, 1
1, 300, 1200, 1200, 0
1, 996, 1201, 1500, 1
1, 300, 1202, 1500, 2
1, 145, 1203, 1500, 3
1, 111, 1204, 1500, 4
1, 93, 1205, 1500, 5
1, 81, 1206, 1500, 6
1, 73, 1207, 1500, 7
1, 67, 1208, 1500, 8
1, 62, 1209, 1500, 9
1, 58, 1210, 1500, 10
1, 55, 1211, 1500, 11
1, 52, 1212, 1500, 12
1, 49, 1213, 1500, 13
1, 47, 1214, 1500, 14
1, 45, 1215, 1500, 15
1, 43, 1216, 1500, 16
1, 42, 1217, 1500, 17
1, 40, 1218, 1500, 18
1, 39, 1219, 1500, 19
1, 38, 1220, 1500, 20
1, 37, 1221, 1500, 21
1, 36, 1222, 1500, 22
1, 35, 1223, 1500, 23
1, 34, 1224, 1500, 24
1, 33, 1225, 1500, 25
1, 32, 1226, 1500, 26
1, 32, 1227, 1500, 27
1, 31, 1228, 1500, 28
1, 30, 1229, 1500, 29
1, 30, 1230, 1500, 30
1, 29, 1231, 1500, 31
1, 29, 1232, 1500, 32
1, 28, 1233, 1500, 33
1, 28, 1234, 1500, 34
1, 27, 1235, 1500, 35
1, 27, 1236, 1500, 36
1, 26, 1237, 1500, 37
1, 26, 1238, 1500, 38
1, 25, 1239, 1500, 39
1, 25, 1240, 1500, 40
1, 25, 1241, 1500, 41
1, 24, 1242, 1500, 42
1, 24, 1243, 1500, 43
1, 23, 1244, 1500, 44
1, 23, 1245, 1500, 45
1, 23, 1246, 1500, 46
1, 23, 1247, 1500, 47
1, 22, 1248, 1500, 48
1, 22, 1249, 1500, 49
1, 22, 1250, 1500, 50
1, 21, 1251, 1500, 51
1, 21, 1252, 1500, 52
1, 21, 1253, 1500, 53
1, 21, 1254, 1500, 54
1, 20, 1255, 1500, 55
1, 20, 1256, 1500, 56
1, 20, 1257, 1500, 57
1, 20, 1258, 1500, 58
1, 20, 1259, 1500, 59
1, 19, 1260, 1500, 60
1, 19, 1261, 1500, 61
1, 19, 1262, 1500, 62
1, 19, 1263, 1500, 63
1, 19, 1264, 1500, 64
1, 18, 1265, 1500, 65
1, 18, 1266, 1500, 66
1, 18, 1267, 1500, 67
1, 18, 1268, 1500, 68
1, 18, 1269, 1500, 69
1, 18, 1270, 1500, 70
1, 17, 1271, 1500, 71
1, 17, 1272, 1500, 72
1, 17, 1273, 1500, 73
1, 17, 1274, 1500, 74
1, 17, 1275, 1500, 75
1, 17, 1276, 1500, 76
1, 17, 1277, 1500, 77
1, 16, 1278, 1500, 78
1, 16, 1279, 1500, 79
1, 16, 1280, 1500, 80
1, 16, 1281, 1500, 81
1, 16, 1282, 1500, 82
1, 16, 1283, 1500, 83
1, 16, 1284, 1500, 84
1, 15, 1285, 1500, 85
1, 15, 1286, 1500, 86
1, 15, 1287, 1500, 87
1, 15, 1288, 1500, 88
1, 15, 1289, 1500, 89
1, 15, 1290, 1500, 90
1, 15, 1291, 1500, 91
1, 15, 1292, 1500, 92
1, 15, 1293, 1500, 93
1, 14, 1294, 1500, 94
1, 14, 1295, 1500, 95
1, 14, 1296, 1500, 96
1, 14, 1297, 1500, 97
1, 14, 1298, 1500, 98
1, 14, 1299, 1500, 99
1, 14, 1300, 1500, 100
1, 14, 1301, 1500, 101
1, 14, 1302, 1500, 102
1, 14, 1303, 1500, 103
1, 14, 1304, 1500, 104
1, 13, 1305, 1500, 105
1, 13, 1306, 1500, 106
1, 13, 1307, 1500, 107
1, 13, 1308, 1500, 108
1, 13, 1309, 1500, 109
1, 13, 1310, 1500, 110
1, 13, 1311, 1500, 111
1, 13, 1312, 1500, 112
1, 13, 1313, 1500, 113
1, 13, 1314, 1500, 114
1, 13, 1315, 1500, 115
1, 13, 1316, 1500, 116
1, 12, 1317, 1500, 117
1, 12, 1318, 1500, 118
1, 12, 1319, 1500, 119
1, 12, 1320, 1500, 120
1, 12, 1321, 1500, 121
1, 12, 1322, 1500, 122
1, 12, 1323, 1500, 123
1, 12, 1324, 1500, 124
1, 12, 1325, 1500, 125
1, 12, 1326, 1500, 126
1, 12, 1327, 1500, 127
1, 12, 1328, 1500, 128
1, 12, 1329, 1500, 129
1, 12, 1330, 1500, 130
1, 12, 1331, 1500, 131
1, 11, 1332, 1500, 132
1, 11, 1333, 1500, 133
1, 11, 1334, 1500, 134
1, 11, 1335, 1500, 135
1, 11, 1336, 1500, 136
1, 11, 1337, 1500, 137
1, 11, 1338, 1500, 138
1, 11, 1339, 1500, 139
1, 11, 1340, 1500, 140
1, 11, 1341, 1500, 141
1, 11, 1342, 1500, 142
1, 11, 1343, 1500, 143
1, 11, 1344, 1500, 144
1, 11, 1345, 1500, 145
1, 11, 1346, 1500, 146
1, 11, 1347, 1500, 147
1, 11, 1348, 1500, 148
1, 11, 1349, 1500, 149
1, 10, 1350, 1500, 150
1, 10, 1351, 1500, 149
1, 10, 1352, 1500, 148
1, 11, 1353, 1500, 147
1, 11, 1354, 1500, 146
1, 11, 1355, 1500, 145
1, 11, 1356, 1500, 144
1, 11, 1357, 1500, 143
1, 11, 1358, 1500, 142
1, 11, 1359, 1500, 141
1, 11, 1360, 1500, 140
1, 11, 1361, 1500, 139
1, 11, 1362, 1500, 138
1, 11, 1363, 1500, 137
1, 11, 1364, 1500, 136
1, 11, 1365, 1500, 135
1, 11, 1366, 1500, 134
1, 11, 1367, 1500, 133
1, 11, 1368, 1500, 132
1, 11, 1369, 1500, 131
1, 11, 1370, 1500, 130
1, 12, 1371, 1500, 129
1, 12, 1372, 1500, 128
1, 12, 1373, 1500, 127
1, 12, 1374, 1500, 126
1, 12, 1375, 1500, 125
1, 12, 1376, 1500, 124
1, 12, 1377, 1500, 123
1, 12, 1378, 1500, 122
1, 12, 1379, 1500, 121
1, 12, 1380, 1500, 120
1, 12, 1381, 1500, 119
1, 12, 1382, 1500, 118
1, 12, 1383, 1500, 117
1, 12, 1384, 1500, 116
1, 12, 1385, 1500, 115
1, 13, 1386, 1500, 114
1, 13, 1387, 1500, 113
1, 13, 1388, 1500, 112
1, 13, 1389, 1500, 111
1, 13, 1390, 1500, 110
1, 13, 1391, 1500, 109
1, 13, 1392, 1500, 108
1, 13, 1393, 1500, 107
1, 13, 1394, 1500, 106
1, 13, 1395, 1500, 105
1, 13, 1396, 1500, 104
1, 13, 1397, 1500, 103
1, 14, 1398, 1500, 102
1, 14, 1399, 1500, 101
1, 14, 1400, 1500, 100
1, 14, 1401, 1200, 99
1, 14, 1402, 1200, 98
1, 14, 1403, 1200, 97
1, 14, 1404, 1200, 96
1, 14, 1405, 1200, 95
1, 14, 1406, 1200, 94
1, 14, 1407, 1200, 93
1, 14, 1408, 1200, 92
1, 15, 1409, 1200, 91
1, 15, 1410, 1200, 90
1, 15, 1411, 1200, 89
1, 15, 1412, 1200, 88
1, 15, 1413, 1200, 87
1, 15, 1414, 1200, 86
1, 15, 1415, 1200, 85
1, 15, 1416, 1200, 84
1, 15, 1417, 1200, 83
1, 16, 1418, 1200, 82
1, 16, 1419, 1200, 81
1, 16, 1420, 1200, 80
1, 16, 1421, 1200, 79
1, 16, 1422, 1200, 78
1, 16, 1423, 1200, 77
1, 16, 1424, 1200, 76
1, 17, 1425, 1200, 75
1, 17, 1426, 1200, 74
1, 17, 1427, 1200, 73
1, 17, 1428, 1200, 72
1, 17, 1429, 1200, 71
1, 17, 1430, 1200, 70
1, 17, 1431, 1200, 69
1, 18, 1432, 1200, 68
1, 18, 1433, 1200, 67
1, 18, 1434, 1200, 66
1, 18, 1435, 1200, 65
1, 18, 1436, 1200, 64
1, 18, 1437, 1200, 63
1, 19, 1438, 1200, 62
1, 19, 1439, 1200, 61
1, 19, 1440, 1200, 60
1, 19, 1441, 1200, 59
1, 19, 1442, 1200, 58
1, 20, 1443, 1200, 57
1, 20, 1444, 1200, 56
1, 20, 1445, 1200, 55
1, 20, 1446, 1200, 54
1, 20, 1447, 1200, 53
1, 21, 1448, 1200, 52
1, 21, 1449, 1200, 51
1, 21, 1450, 1200, 50
1, 21, 1451, 1200, 49
1, 22, 1452, 1200, 48
1, 22, 1453, 1200, 47
1, 22, 1454, 1200, 46
1, 23, 1455, 1200, 45
1, 23, 1456, 1200, 44
1, 23, 1457, 1200, 43
1, 23, 1458, 1200, 42
1, 24, 1459, 1200, 41
1, 24, 1460, 1200, 40
1, 25, 1461, 1200, 39
1, 25, 1462, 1200, 38
1, 25, 1463, 1200, 37
1, 26, 1464, 1200, 36
1, 26, 1465, 1200, 35
1, 27, 1466, 1200, 34
1, 27, 1467, 1200, 33
1, 28, 1468, 1200, 32
1, 28, 1469, 1200, 31
1, 29, 1470, 1200, 30
1, 29, 1471, 1200, 29
1, 30, 1472, 1200, 28
1, 30, 1473, 1200, 27
1, 31, 1474, 1200, 26
1, 32, 1475, 1200, 25
1, 32, 1476, 1200, 24
1, 33, 1477, 1200, 23
1, 34, 1478, 1200, 22
1, 35, 1479, 1200, 21
1, 36, 1480, 1200, 20
1, 37, 1481, 1200, 19
1, 38, 1482, 1200, 18
1, 39, 1483, 1200, 17
1, 40, 1484, 1200, 16
1, 42, 1485, 1200, 15
1, 43, 1486, 1200, 14
1, 45, 1487, 1200, 13
1, 47, 1488, 1200, 12
1, 49, 1489, 1200, 11
1, 52, 1490, 1200, 10
1, 55, 1491, 1200, 9
1, 58, 1492, 1200, 8
1, 62, 1493, 1200, 7
1, 67, 1494, 1200, 6
1, 73, 1495, 1200, 5
1, 81, 1496, 1200, 4
1, 93, 1497, 1200, 3
1, 111, 1498, 1200, 2
1, 145, 1499, 1200, 1
1, 300, 1500, 1200, 0
-1, 996, 1499, 1200, -1
-1, 300, 1498, 1200, -2
-1, 145, 1497, 1200, -3
-1, 111, 1496, 1200, -4
-1, 93, 1495, 1200, -5
-1, 81, 1494, 1200, -6
-1, 73, 1493, 1200, -7
-1, 67, 1492, 1200, -8
-1, 62, 1491, 1200, -9
-1, 58, 1490, 1200, -10
-1, 55, 1489, 1200, -11
-1, 52, 1488, 1200, -12
-1, 49, 1487, 1200, -13
-1, 47, 1486, 1200, -14
-1, 45, 1485, 1200, -15
-1, 43, 1484, 1200, -16
-1, 42, 1483, 1200, -17
-1, 40, 1482, 1200, -18
-1, 39, 1481, 1200, -19
-1, 38, 1480, 1200, -20
-1, 37, 1479, 1200, -21
-1, 36, 1478, 1200, -22
-1, 35, 1477, 1200, -23
-1, 34, 1476, 1200, -24
-1, 33, 1475, 1200, -25
-1, 32, 1474, 1200, -26
-1, 32, 1473, 1200, -27
-1, 31, 1472, 1200, -28
-1, 30, 1471, 1200, -29
-1, 30, 1470, 1200, -30
-1, 29, 1469, 1200, -31
-1, 29, 1468, 1200, -32
-1, 28, 1467, 1200, -33
-1, 28, 1466, 1200, -34
-1, 27, 1465, 1200, -35
-1, 27, 1464, 1200, -36
-1, 26, 1463, 1200, -37
-1, 26, 1462, 1200, -38
-1, 25, 1461, 1200, -39
-1, 25, 1460, 1200, -40
-1, 25, 1459, 1200, -41
-1, 24, 1458, 1200, -42
-1, 24, 1457, 1200, -43
-1, 23, 1456, 1200, -44
-1, 23, 1455, 1200, -45
-1, 23, 1454, 1200, -46
-1, 23, 1453, 1200, -47
-1, 22, 1452, 1200, -48
-1, 22, 1451, 1200, -49
-1, 22, 1450, 1200, -50
-1, 21, 1449, 1200, -51
-1, 21, 1448, 1200, -52
-1, 21, 1447, 1200, -53
-1, 21, 1446, 1200, -54
-1, 20, 1445, 1200, -55
-1, 20, 1444, 1200, -56
-1, 20, 1443, 1200, -57
-1, 20, 1442, 1200, -58
-1, 20, 1441, 1200, -59
-1, 19, 1440, 1200, -60
-1, 19, 1439, 1200, -61
-1, 19, 1438, 1200, -62
-1, 19, 1437, 1200, -63
-1, 19, 1436, 1200, -64
-1, 18, 1435, 1200, -65
-1, 18, 1434, 1200, -66
-1, 18, 1433, 1200, -67
-1, 18, 1432, 1200, -68
-1, 18, 1431, 1200, -69
-1, 18, 1430, 1200, -70
-1, 17, 1429, 1200, -71
-1, 17, 1428, 1200, -72
-1, 17, 1427, 1200, -73
-1, 17, 1426, 1200, -74
-1, 17, 1425, 1200, -75
-1, 17, 1424, 1200, -76
-1, 17, 1423, 1200, -77
-1, 16, 1422, 1200, -78
-1, 16, 1421, 1200, -79
-1, 16, 1420, 1200, -80
-1, 16, 1419, 1200, -81
-1, 16, 1418, 1200, -82
-1, 16, 1417, 1200, -83
-1, 16, 1416, 1200, -84
-1, 15, 1415, 1200, -85
-1, 15, 1414, 1200, -86
-1, 15, 1413, 1200, -87
-1, 15, 1412, 1200, -88
-1, 15, 1411, 1200, -89
-1, 15, 1410, 1200, -90
-1, 15, 1409, 1200, -91
-1, 15, 1408, 1200, -92
-1, 15, 1407, 1200, -93
-1, 14, 1406, 1200, -94
-1, 14, 1405, 1200, -95
-1, 14, 1404, 1200, -96
-1, 14, 1403, 1200, -97
-1, 14, 1402, 1200, -98
-1, 14, 1401, 1200, -99
-1, 14, 1400, 1200, -100
-1, 14, 1399, 1200, -101
-1, 14, 1398, 1200, -102
-1, 14, 1397, 1200, -103
-1, 14, 1396, 1200, -104
-1, 13, 1395, 1200, -105
-1, 13, 1394, 1200, -106
-1, 13, 1393, 1200, -107
-1, 13, 1392, 1200, -108
-1, 13, 1391, 1200, -109
-1, 13, 1390, 1200, -110
-1, 13, 1389, 1200, -111
-1, 13, 1388, 1200, -112
-1, 13, 1387, 1200, -113
-1, 13, 1386, 1200, -114
-1, 13, 1385, 1200, -115
-1, 13, 1384, 1200, -116
-1, 12, 1383, 1200, -117
-1, 12, 1382, 1200, -118
-1, 12, 1381, 1200, -119
-1, 12, 1380, 1200, -120
-1, 12, 1379, 1200, -121
-1, 12, 1378, 1200, -122
-1, 12, 1377, 1200, -123
-1, 12, 1376, 1200, -124
-1, 12, 1375, 1200, -125
-1, 12, 1374, 1200, -126
-1, 12, 1373, 1200, -127
-1, 12, 1372, 1200, -128
-1, 12, 1371, 1200, -129
-1, 12, 1370, 1200, -130
-1, 12, 1369, 1200, -131
-1, 11, 1368, 1200, -132
-1, 11, 1367, 1200, -133
-1, 11, 1366, 1200, -134
-1, 11, 1365, 1200, -135
-1, 11, 1364, 1200, -136
-1, 11, 1363, 1200, -137
-1, 11, 1362, 1200, -138
-1, 11, 1361, 1200, -139
-1, 11, 1360, 1200, -140
-1, 11, 1359, 1200, -141
-1, 11, 1358, 1200, -142
-1, 11, 1357, 1200, -143
-1, 11, 1356, 1200, -144
-1, 11, 1355, 1200, -145
-1, 11, 1354, 1200, -146
-1, 11, 1353, 1200, -147
-1, 11, 1352, 1200, -148
-1, 11, 1351, 1200, -149
-1, 10, 1350, 1200, -150
-1, 10, 1349, 1200, -149
-1, 10, 1348, 1200, -148
-1, 11, 1347, 1200, -147
-1, 11, 1346, 1200, -146
-1, 11, 1345, 1200, -145
-1, 11, 1344, 1200, -144
-1, 11, 1343, 1200, -143
-1, 11, 1342, 1200, -142
-1, 11, 1341, 1200, -141
-1, 11, 1340, 1200, -140
-1, 11, 1339, 1200, -139
-1, 11, 1338, 1200, -138
-1, 11, 1337, 1200, -137
-1, 11, 1336, 1200, -136
-1, 11, 1335, 1200, -135
-1, 11, 1334, 1200, -134
-1, 11, 1333, 1200, -133
-1, 11, 1332, 1200, -132
-1, 11, 1331, 1200, -131
-1, 11, 1330, 1200, -130
-1, 12, 1329, 1200, -129
-1, 12, 1328, 1200, -128
-1, 12, 1327, 1200, -127
-1, 12, 1326, 1200, -126
-1, 12, 1325, 1200, -125
-1, 12, 1324, 1200, -124
-1, 12, 1323, 1200, -123
-1, 12, 1322, 1200, -122
-1, 12, 1321, 1200, -121
-1, 12, 1320, 1200, -120
-1, 12, 1319, 1200, -119
-1, 12, 1318, 1200, -118
-1, 12, 1317, 1200, -117
-1, 12, 1316, 1200, -116
-1, 12, 1315, 1200, -115
-1, 13, 1314, 1200, -114
-1, 13, 1313, 1200, -113
-1, 13, 1312, 1200, -112
-1, 13, 1311, 1200, -111
-1, 13, 1310, 1200, -110
-1, 13, 1309, 1200, -109
-1, 13, 1308, 1200, -108
-1, 13, 1307, 1200, -107
-1, 13, 1306, 1200, -106
-1, 13, 1305, 1200, -105
-1, 13, 1304, 1200, -104
-1, 13, 1303, 1200, -103
-1, 14, 1302, 1200, -102
-1, 14, 1301, 1200, -101
-1, 14, 1300, 1200, -100
-1, 14, 1299, 1200, -99
-1, 14, 1298, 1200, -98
-1, 14, 1297, 1200, -97
-1, 14, 1296, 1200, -96
-1, 14, 1295, 1200, -95
-1, 14, 1294, 1200, -94
-1, 14, 1293, 1200, -93
-1, 14, 1292, 1200, -92
-1, 15, 1291, 1200, -91
-1, 15, 1290, 1200, -90
-1, 15, 1289, 1200, -89
-1, 15, 1288, 1200, -88
-1, 15, 1287, 1200, -87
-1, 15, 1286, 1200, -86
-1, 15, 1285, 1200, -85
-1, 15, 1284, 1200, -84
-1, 15, 1283, 1200, -83
-1, 16, 1282, 1200, -82
-1, 16, 1281, 1200, -81
-1, 16, 1280, 1200, -80
-1, 16, 1279, 1200, -79
-1, 16, 1278, 1200, -78
-1, 16, 1277, 1200, -77
-1, 16, 1276, 1200, -76
-1, 17, 1275, 1200, -75
-1, 17, 1274, 1200, -74
-1, 17, 1273, 1200, -73
-1, 17, 1272, 1200, -72
-1, 17, 1271, 1200, -71
-1, 17, 1270, 1200, -70
-1, 17, 1269, 1200, -69
-1, 18, 1268, 1200, -68
-1, 18, 1267, 1200, -67
-1, 18, 1266, 1200, -66
-1, 18, 1265, 1200, -65
-1, 18, 1264, 1200, -64
-1, 18, 1263, 1200, -63
-1, 19, 1262, 1200, -62
-1, 19, 1261, 1200, -61
-1, 19, 1260, 1200, -60
-1, 19, 1259, 1200, -59
-1, 19, 1258, 1200, -58
-1, 20, 1257, 1200, -57
-1, 20, 1256, 1200, -56
-1, 20, 1255, 1200, -55
-1, 20, 1254, 1200, -54
-1, 20, 1253, 1200, -53
-1, 21, 1252, 1200, -52
-1, 21, 1251, 1200, -51
-1, 21, 1250, 1200, -50
-1, 21, 1249, 1200, -49
-1, 22, 1248, 1200, -48
-1, 22, 1247, 1200, -47
-1, 22, 1246, 1200, -46
-1, 23, 1245, 1200, -45
-1, 23, 1244, 1200, -44
-1, 23, 1243, 1200, -43
-1, 23, 1242, 1200, -42
-1, 24, 1241, 1200, -41
-1, 24, 1240, 1200, -40
-1, 25, 1239, 1200, -39
-1, 25, 1238, 1200, -38
-1, 25, 1237, 1200, -37
-1, 26, 1236, 1200, -36
-1, 26, 1235, 1200, -35
-1, 27, 1234, 1200, -34
-1, 27, 1233, 1200, -33
-1, 28, 1232, 1200, -32
-1, 28, 1231, 1200, -31
-1, 29, 1230, 1200, -30
-1, 29, 1229, 1200, -29
-1, 30, 1228, 1200, -28
-1, 30, 1227, 1200, -27
-1, 31, 1226, 1200, -26
-1, 32, 1225, 1200, -25
-1, 32, 1224, 1200, -24
-1, 33, 1223, 1200, -23
-1, 34, 1222, 1200, -22
-1, 35, 1221, 1200, -21
-1, 36, 1220, 1200, -20
-1, 37, 1219, 1200, -19
-1, 38, 1218, 1200, -18
-1, 39, 1217, 1200, -17
-1, 40, 1216, 1200, -16
-1, 42, 1215, 1200, -15
-1, 43, 1214, 1200, -14
-1, 45, 1213, 1200, -13
-1, 47, 1212, 1200, -12
-1, 49, 1211, 1200, -11
-1, 52, 1210, 1200, -10
-1, 55, 1209, 1200, -9
-1, 58, 1208, 1200, -8
-1, 62, 1207, 1200, -7
-1, 67, 1206, 1200, -6
-1, 73, 1205, 1200, -5
-1, 81, 1204, 1200, -4
-1, 93, 1203, 1200, -3
-1, 111, 1202, 1200, -2
-1, 145, 1201, 1200, -1
-1, 300, 1200, 1200, 0
0, 0, 1200, 1200, 0
0, 0, 1200, 1200, 0
0, 0, 1200, 1200, 0
0, 0, 1200, 1200, 0
0, 0, 1200, 1200, 0
0, 0, 1200, 1200, 0
0, 0, 1200, 1200, 0
0, 0, 1200, 1200, 0
0, 0, 1200, 1200, 0
0, 0, 1200, 1200, 0
0, 0, 1200, 1200, 0
0, 0, 1200, 1200, 0
0, 0, 1200, 1200, 0
0, 0, 1200, 1200, 0
0, 0, 1200, 1200, 0
0, 0, 1200, 1200, 0
0, 0, 1200, 1200, 0
0, 0, 1200, 1200, 0
0, 0, 1200, 1200, 0
0, 0, 1200, 1200, 0
0, 0, 1200, 1200, 0
0, 0, 1200, 1200, 0
0, 0, 1200, 1200, 0
0, 0, 1200, 1200, 0
0, 0, 1200, 1200, 0
0, 0, 1200, 1200, 0
0, 0, 1200, 1200, 0
0, 0, 1200, 1200, 0
0, 0, 1200, 1200, 0
0, 0, 1200, 1200, 0
0, 0, 1200, 1200, 0
0, 0, 1200, 1200, 0
0, 0, 1200, 1200, 0
0, 0, 1200, 1200, 0
0, 0, 1200, 1200, 0
0, 0, 1200, 1200, 0
0, 0, 1200, 1200, 0
0, 0, 1200, 1200, 0
0, 0, 1200, 1200, 0
0, 0, 1200, 1200, 0
0, 0, 1200, 1200, 0
0, 0, 1200, 1200, 0
0, 0, 1200, 1200, 0
0, 0, 1200, 1200, 0
0, 0, 1200, 1200, 0
0, 0, 1200, 1200, 0
0, 0, 1200, 1200, 0
0, 0, 1200, 1200, 0
0, 0, 1200, 1200, 0
0, 0, 1200, 1200, 0
0, 0, 1200, 1200, 0
0, 0, 1200, 1200, 0
0, 0, 1200, 1200, 0
0, 0, 1200, 1200, 0
0, 0, 1200, 1200, 0
0, 0, 1200, 1200, 0
0, 0, 1200, 1200, 0
0, 0, 1200, 1200, 0
0, 0, 1200, 1200, 0
0, 0, 1200, 1200, 0
0, 0, 1200, 1200, 0
0, 0, 1200, 1200, 0
0, 0, 1200, 1200, 0
0, 0, 1200, 1200, 0
0, 0, 1200, 1200, 0
0, 0, 1200, 1200, 0
0, 0, 1200, 1200, 0
0, 0, 1200, 1200, 0
0, 0, 1200, 1200, 0
0, 0, 1200, 1200, 0
0, 0, 1200, 1200, 0
0, 0, 1200, 1200, 0
0, 0, 1200, 1200, 0
0, 0, 1200, 1200, 0
0, 0, 1200, 1200, 0
0, 0, 1200, 1200, 0
0, 0, 1200, 1200, 0
0, 0, 1200, 1200, 0
0, 0, 1200, 1200, 0
0, 0, 1200, 1200, 0
0, 0, 1200, 1200, 0
0, 0, 1200, 1200, 0
0, 0, 1200, 1200, 0
0, 0, 1200, 1200, 0
0, 0, 1200, 1200, 0
0, 0, 1200, 1200, 0
0, 0, 1200, 1200, 0
0, 0, 1200, 1200, 0
0, 0, 1200, 1200, 0
0, 0, 1200, 1200, 0
0, 0, 1200, 1200, 0
0, 0, 1200, 1200, 0
0, 0, 1200, 1200, 0
0, 0, 1200, 1200, 0
0, 0, 1200, 1200, 0
0, 0, 1200, 1200, 0
0, 0, 1200, 1200, 0
0, 0, 1200, 1200, 0
0, 0, 1200, 1200, 0
0, 0, 1200, 1200, 0
0, 0, 1200, 1200, 0
0, 0, 1200, 1200, 0
0, 0, 1200, 1200, 0
0, 0, 1200, 1200, 0
0, 0, 1200, 1200, 0
0, 0, 1200, 1200, 0
0, 0, 1200, 1200, 0
0, 0, 1200, 1200, 0
0, 0, 1200, 1200, 0
0, 0, 1200, 1200, 0
0, 0, 1200, 1200, 0
0, 0, 1200, 1200, 0
0, 0, 1200, 1200, 0
0, 0, 1200, 1200, 0
0, 0, 1200, 1200, 0
0, 0, 1200, 1200, 0
0, 0, 1200, 1200, 0
0, 0, 1200, 1200, 0
0, 0, 1200, 1200, 0
0, 0, 1200, 1200, 0
0, 0, 1200, 1200, 0
0, 0, 1200, 1200, 0
0, 0, 1200, 1200, 0
0, 0, 1200, 1200, 0
0, 0, 1200, 1200, 0
0, 0, 1200, 1200, 0
0, 0, 1200, 1200, 0
0, 0, 1200, 1200, 0
0, 0, 1200, 1200, 0
0, 0, 1200, 1200, 0
0, 0, 1200, 1200, 0
0, 0, 1200, 1200, 0
0, 0, 1200, 1200, 0
0, 0, 1200, 1200, 0
0, 0, 1200, 1200, 0
0, 0, 1200, 1200, 0
0, 0, 1200, 1200, 0
0, 0, 1200, 1200, 0
0, 0, 1200, 1200, 0
0, 0, 1200, 1200, 0
0, 0, 1200, 1200, 0
0, 0, 1200, 1200, 0
0, 0, 1200, 1200, 0
0, 0, 1200, 1200, 0
0, 0, 1200, 1200, 0
0, 0, 1200, 1200, 0
0, 0, 1200, 1200, 0
0, 0, 1200, 1200, 0
0, 0, 1200, 1200, 0
0, 0, 1200, 1200, 0
0, 0, 1200, 1200, 0
0, 0, 1200, 1200, 0
0, 0, 1200, 1200, 0
0, 0, 1200, 1200, 0
0, 0, 1200, 1200, 0
0, 0, 1200, 1200, 0
0, 0, 1200, 1200, 0
0, 0, 1200, 1200, 0
0, 0, 1200, 1200, 0
0, 0, 1200, 1200, 0
0, 0, 1200, 1200, 0
0, 0, 1200, 1200, 0
0, 0, 1200, 1200, 0
0, 0, 1200, 1200, 0
0, 0, 1200, 1200, 0
0, 0, 1200, 1200, 0
0, 0, 1200, 1200, 0
0, 0, 1200, 1200, 0
0, 0, 1200, 1200, 0
0, 0, 1200, 1200, 0
0, 0, 1200, 1200, 0
0, 0, 1200, 1200, 0
0, 0, 1200, 1200, 0
0, 0, 1200, 1200, 0
0, 0, 1200, 1200, 0
0, 0, 1200, 1200, 0
0, 0, 1200, 1200, 0
0, 0, 1200, 1200, 0
0, 0, 1200, 1200, 0
0, 0, 1200, 1200, 0
0, 0, 1200, 1200, 0
0, 0, 1200, 1200, 0
0, 0, 1200, 1200, 0
0, 0, 1200, 1200, 0
0, 0, 1200, 1200, 0
0, 0, 1200, 1200, 0
0, 0, 1200, 1200, 0
0, 0, 1200, 1200, 0
0, 0, 1200, 1200, 0
0, 0, 1200, 1200, 0
0, 0, 1200, 1200, 0
0, 0, 1200, 1200, 0
0, 0, 1200, 1200, 0
0, 0, 1200, 1200, 0
0, 0, 1200, 1200, 0
0, 0, 1200, 1200, 0
0, 0, 1200, 1200, 0
0, 0, 1200, 1200, 0
0, 0, 1200, 1200, 0
0, 0, 1200, 1200, 0
0, 0, 1200, 1200, 0
0, 0, 1200, 1200, 0
0, 0, 1200, 1200, 0
0, 0, 1200, 1200, 0
0, 0, 1200, 1200, 0
0, 0, 1200, 1200, 0
0, 0, 1200, 1200, 0
0, 0, 1200, 1200, 0
0, 0, 1200, 1200, 0
0, 0, 1200, 1200, 0
0, 0, 1200, 1200, 0
0, 0, 1200, 1200, 0
0, 0, 1200, 1200, 0
0, 0, 1200, 1200, 0
0, 0, 1200, 1200, 0
0, 0, 1200, 1200, 0
0, 0, 1200, 1200, 0
0, 0, 1200, 1200, 0
0, 0, 1200, 1200, 0
0, 0, 1200, 1200, 0
0, 0, 1200, 1200, 0
0, 0, 1200, 1200, 0
0, 0, 1200, 1200, 0
0, 0, 1200, 1200, 0
0, 0, 1200, 1200, 0
0, 0, 1200, 1200, 0
0, 0, 1200, 1200, 0
0, 0, 1200, 1200, 0
0, 0, 1200, 1200, 0
0, 0, 1200, 1200, 0
0, 0, 1200, 1200, 0
0, 0, 1200, 1200, 0
0, 0, 1200, 1200, 0
0, 0, 1200, 1200, 0
0, 0, 1200, 1200, 0
0, 0, 1200, 1200, 0
0, 0, 1200, 1200, 0
0, 0, 1200, 1200, 0
0, 0, 1200, 1200, 0
0, 0, 1200, 1200, 0
0, 0, 1200, 1200, 0
0, 0, 1200, 1200, 0
0, 0, 1200, 1200, 0
0, 0, 1200, 1200, 0
0, 0, 1200, 1200, 0
0, 0, 1200, 1200, 0
0, 0, 1200, 1200, 0
0, 0, 1200, 1200, 0
0, 0, 1200, 1200, 0
0, 0, 1200, 1200, 0
0, 0, 1200, 1200, 0
0, 0, 1200, 1200, 0
0, 0, 1200, 1200, 0
0, 0, 1200, 1200, 0
0, 0, 1200, 1200, 0
0, 0, 1200, 1200, 0
0, 0, 1200, 1200, 0
0, 0, 1200, 1200, 0
0, 0, 1200, 1200, 0
0, 0, 1200, 1200, 0
0, 0, 1200, 1200, 0
0, 0, 1200, 1200, 0
0, 0, 1200, 1200, 0
0, 0, 1200, 1200, 0
0, 0, 1200, 1200, 0
0, 0, 1200, 1200, 0
0, 0, 1200, 1200, 0
0, 0, 1200, 1200, 0
0, 0, 1200, 1200, 0
0, 0, 1200, 1200, 0
0, 0, 1200, 1200, 0
0, 0, 1200, 1200, 0
0, 0, 1200, 1200, 0
0, 0, 1200, 1200, 0
0, 0, 1200, 1200, 0
0, 0, 1200, 1200, 0
0, 0, 1200, 1200, 0
0, 0, 1200, 1200, 0
0, 0, 1200, 1200, 0
0, 0, 1200, 1200, 0
0, 0, 1200, 1200, 0
0, 0, 1200, 1200, 0
0, 0, 1200, 1200, 0
0, 0, 1200, 1200, 0
0, 0, 1200, 1200, 0
0, 0, 1200, 1200, 0
0, 0, 1200, 1200, 0
0, 0, 1200, 1200, 0
0, 0, 1200, 1200, 0
0, 0, 1200, 1200, 0
0, 0, 1200, 1200, 0
0, 0, 1200, 1200, 0
0, 0, 1200, 1200, 0
0, 0, 1200, 1200, 0
0, 0, 1200, 1200, 0
0, 0, 1200, 1200, 0
0, 0, 1200, 1200, 0
0, 0, 1200, 1200, 0
0, 0, 1200, 1200, 0
0, 0, 1200, 1200, 0
0, 0, 1200, 1200, 0
0, 0, 1200, 1200, 0
0, 0, 1200, 1200, 0
0, 0, 1200, 1200, 0
0, 0, 1200, 1200, 0
0, 0, 1200, 1200, 0
0, 0, 1200, 1200, 0
0, 0, 1200, 1200, 0
0, 0, 1200, 1200, 0
0, 0, 1200, 1200, 0
0, 0, 1200, 1200, 0
0, 0, 1200, 1200, 0
0, 0, 1200, 1200, 0
0, 0, 1200, 1200, 0
0, 0, 1200, 1200, 0
0, 0, 1200, 1200, 0
0, 0, 1200, 1200, 0
0, 0, 1200, 1200, 0
0, 0, 1200, 1200, 0
0, 0, 1200, 1200, 0
0, 0, 1200, 1200, 0
0, 0, 1200, 1200, 0
0, 0, 1200, 1200, 0
0, 0, 1200, 1200, 0
0, 0, 1200, 1200, 0
0, 0, 1200, 1200, 0
0, 0, 1200, 1200, 0
0, 0, 1200, 1200, 0
0, 0, 1200, 1200, 0
0, 0, 1200, 1200, 0
0, 0, 1200, 1200, 0
0, 0, 1200, 1200, 0
0, 0, 1200, 1200, 0
0, 0, 1200, 1200, 0
0, 0, 1200, 1200, 0
0, 0, 1200, 1200, 0
0, 0, 1200, 1200, 0
0, 0, 1200, 1200, 0
0, 0, 1200, 1200, 0
0, 0, 1200, 1200, 0
0, 0, 1200, 1200, 0
0, 0, 1200, 1200, 0
0, 0, 1200, 1200, 0
0, 0, 1200, 1200, 0
0, 0, 1200, 1200, 0
0, 0, 1200, 1200, 0
0, 0, 1200, 1200, 0
0, 0, 1200, 1200, 0
0, 0, 1200, 1200, 0
0, 0, 1200, 1200, 0
0, 0, 1200, 1200, 0
0, 0, 1200, 1200, 0
0, 0, 1200, 1200, 0
0, 0, 1200, 1200, 0
0, 0, 1200, 1200, 0
0, 0, 1200, 1200, 0
0, 0, 1200, 1200, 0
0, 0, 1200, 1200, 0
0, 0, 1200, 1200, 0
0, 0, 1200, 1200, 0
0, 0, 1200, 1200, 0
0, 0, 1200, 1200, 0
0, 0, 1200, 1200, 0
0, 0, 1200, 1200, 0
0, 0, 1200, 1200, 0
0, 0, 1200, 1200, 0
0, 0, 1200, 1200, 0
0, 0, 1200, 1200, 0
0, 0, 1200, 1200, 0
0, 0, 1200, 1200, 0
0, 0, 1200, 1200, 0
0, 0, 1200, 1200, 0
0, 0, 1200, 1200, 0
0, 0, 1200, 1200, 0
0, 0, 1200, 1200, 0
0, 0, 1200, 1200, 0
0, 0, 1200, 1200, 0
0, 0, 1200, 1200, 0
0, 0, 1200, 1200, 0
0, 0, 1200, 1200, 0
0, 0, 1200, 1200, 0
0, 0, 1200, 1200, 0
0, 0, 1200, 1200, 0
0, 0, 1200, 1200, 0
0, 0, 1200, 1200, 0
0, 0, 1200, 1200, 0
0, 0, 1200, 1200, 0
0, 0, 1200, 1200, 0
0, 0, 1200, 1200, 0
0, 0, 1200, 1200, 0
0, 0, 1200, 1200, 0
0, 0, 1200, 1200, 0
0, 0, 1200, 1200, 0
0, 0, 1200, 1200, 0
0, 0, 1200, 1200, 0
0, 0, 1200, 1200, 0
0, 0, 1200, 1200, 0
0, 0, 1200, 1200, 0
0, 0, 1200, 1200, 0
0, 0, 1200, 1200, 0
0, 0, 1200, 1200, 0
0, 0, 1200, 1200, 0
0, 0, 1200, 1200, 0
0, 0, 1200, 1200, 0
0, 0, 1200, 1200, 0
0, 0, 1200, 1200, 0
0, 0, 1200, 1200, 0
0, 0, 1200, 1200, 0
0, 0, 1200, 1200, 0
0, 0, 1200, 1200, 0
0, 0, 1200, 1200, 0
0, 0, 1200, 1200, 0
0, 0, 1200, 1200, 0
0, 0, 1200, 1200, 0
0, 0, 1200, 1200, 0
0, 0, 1200, 1200, 0
0, 0, 1200, 1200, 0
0, 0, 1200, 1200, 0
0, 0, 1200, 1200, 0
0, 0, 1200, 1200, 0
0, 0, 1200, 1200, 0
0, 0, 1200, 1200, 0
0, 0, 1200, 1200, 0
0, 0, 1200, 1200, 0
0, 0, 1200, 1200, 0
0, 0, 1200, 1200, 0
0, 0, 1200, 1200, 0
0, 0, 1200, 1200, 0
0, 0, 1200, 1200, 0
0, 0, 1200, 1200, 0
0, 0, 1200, 1200, 0
0, 0, 1200, 1200, 0
0, 0, 1200, 1200, 0
0, 0, 1200, 1200, 0
0, 0, 1200, 1200, 0
0, 0, 1200, 1200, 0
0, 0, 1200, 1200, 0
0, 0, 1200, 1200, 0
0, 0, 1200, 1200, 0
0, 0, 1200, 1200, 0
0, 0, 1200, 1200, 0
0, 0, 1200, 1200, 0
0, 0, 1200, 1200, 0
0, 0, 1200, 1200, 0
0, 0, 1200, 1200, 0
0, 0, 1200, 1200, 0
0, 0, 1200, 1200, 0
0, 0, 1200, 1200, 0
0, 0, 1200, 1200, 0
0, 0, 1200, 1200, 0
0, 0, 1200, 1200, 0
0, 0, 1200, 1200, 0
0, 0, 1200, 1200, 0
0, 0, 1200, 1200, 0
0, 0, 1200, 1200, 0
0, 0, 1200, 1200, 0
0, 0, 1200, 1200, 0
0, 0, 1200, 1200, 0
0, 0, 1200, 1200, 0
0, 0, 1200, 1200, 0
0, 0, 1200, 1200, 0
0, 0, 1200, 1200, 0
0, 0, 1200, 1200, 0
0, 0, 1200, 1200, 0
0, 0, 1200, 1200, 0
0, 0, 1200, 1200, 0
0, 0, 1200, 1200, 0
0, 0, 1200, 1200, 0
0, 0, 1200, 1200, 0
0, 0, 1200, 1200, 0
0, 0, 1200, 1200, 0
0, 0, 1200, 1200, 0
0, 0, 1200, 1200, 0
0, 0, 1200, 1200, 0
0, 0, 1200, 1200, 0
0, 0, 1200, 1200, 0
0, 0, 1200, 1200, 0
0, 0, 1200, 1200, 0
0, 0, 1200, 1200, 0
0, 0, 1200, 1200, 0
0, 0, 1200, 1200, 0
0, 0, 1200, 1200, 0
0, 0, 1200, 1200, 0
0, 0, 1200, 1200, 0
0, 0, 1200, 1200, 0
0, 0, 1200, 1200, 0
0, 0, 1200, 1200, 0
0, 0, 1200, 1200, 0
0, 0, 1200, 1200, 0
0, 0, 1200, 1200, 0
0, 0, 1200, 1200, 0
0, 0, 1200, 1200, 0
0, 0, 1200, 1200, 0
0, 0, 1200, 1200, 0
0, 0, 1200, 1200, 0
0, 0, 1200, 1200, 0
0, 0, 1200, 1200, 0
0, 0, 1200, 1200, 0
0, 0, 1200, 1200, 0
0, 0, 1200, 1200, 0
0, 0, 1200, 1200, 0
0, 0, 1200, 1200, 0
0, 0, 1200, 1200, 0
0, 0, 1200, 1200, 0
0, 0, 1200, 1200, 0
0, 0, 1200, 1200, 0
0, 0, 1200, 1200, 0
0, 0, 1200, 1200, 0
0, 0, 1200, 1200, 0
0, 0, 1200, 1200, 0
0, 0, 1200, 1200, 0
0, 0, 1200, 1200, 0
0, 0, 1200, 1200, 0
0, 0, 1200, 1200, 0
0, 0, 1200, 1200, 0
0, 0, 1200, 1200, 0
0, 0, 1200, 1200, 0
0, 0, 1200, 1200, 0
0, 0, 1200, 1200, 0
0, 0, 1200, 1200, 0
0, 0, 1200, 1200, 0
0, 0, 1200, 1200, 0
0, 0, 1200, 1200, 0
0, 0, 1200, 1200, 0
0, 0, 1200, 1200, 0
0, 0, 1200, 1200, 0
0, 0, 1200, 1200, 0
0, 0, 1200, 1200, 0
0, 0, 1200, 1200, 0
0, 0, 1200, 1200, 0
0, 0, 1200, 1200, 0
0, 0, 1200, 1200, 0
0, 0, 1200, 1200, 0
0, 0, 1200, 1200, 0
0, 0, 1200, 1200, 0
0, 0, 1200, 1200, 0
0, 0, 1200, 1200, 0
0, 0, 1200, 1200, 0
0, 0, 1200, 1200, 0
0, 0, 1200, 1200, 0
0, 0, 1200, 1200, 0
0, 0, 1200, 1200, 0
0, 0, 1200, 1200, 0
0, 0, 1200, 1200, 0
0, 0, 1200, 1200, 0
0, 0, 1200, 1200, 0
0, 0, 1200, 1200, 0
0, 0, 1200, 1200, 0
0, 0, 1200, 1200, 0
0, 0, 1200, 1200, 0
0, 0, 1200, 1200, 0
0, 0, 1200, 1200, 0
0, 0, 1200, 1200, 0
0, 0, 1200, 1200, 0
0, 0, 1200, 1200, 0
0, 0, 1200, 1200, 0
0, 0, 1200, 1200, 0
0, 0, 1200, 1200, 0
0, 0, 1200, 1200, 0
0, 0, 1200, 1200, 0
0, 0, 1200, 1200, 0
0, 0, 1200, 1200, 0
0, 0, 1200, 1200, 0
0, 0, 1200, 1200, 0
0, 0, 1200, 1200, 0
0, 0, 1200, 1200, 0
0, 0, 1200, 1200, 0
0, 0, 1200, 1200, 0
0, 0, 1200, 1200, 0
0, 0, 1200, 1200, 0
0, 0, 1200, 1200, 0
0, 0, 1200, 1200, 0
0, 0, 1200, 1200, 0
0, 0, 1200, 1200, 0
0, 0, 1200, 1200, 0
0, 0, 1200, 1200, 0
0, 0, 1200, 1200, 0
0, 0, 1200, 1200, 0
0, 0, 1200, 1200, 0
0, 0, 1200, 1200, 0
0, 0, 1200, 1200, 0
0, 0, 1200, 1200, 0
0, 0, 1200, 1200, 0
0, 0, 1200, 1200, 0
0, 0, 1200, 1200, 0
0, 0, 1200, 1200, 0
0, 0, 1200, 1200, 0
0, 0, 1200, 1200, 0
0, 0, 1200, 1200, 0
0, 0, 1200, 1200, 0
0, 0, 1200, 1200, 0
0, 0, 1200, 1200, 0
0, 0, 1200, 1200, 0
0, 0, 1200, 1200, 0
0, 0, 1200, 1200, 0
0, 0, 1200, 1200, 0
0, 0, 1200, 1200, 0
0, 0, 1200, 1200, 0
0, 0, 1200, 1200, 0
0, 0, 1200, 1200, 0
-1, 996, 1199, 500, -1
-1, 300, 1198, 500, -2
-1, 145, 1197, 500, -3
-1, 111, 1196, 500, -4
-1, 93, 1195, 500, -5
-1, 81, 1194, 500, -6
-1, 73, 1193, 500, -7
-1, 67, 1192, 500, -8
-1, 62, 1191, 500, -9
-1, 58, 1190, 500, -10
-1, 55, 1189, 500, -11
-1, 52, 1188, 500, -12
-1, 49, 1187, 500, -13
-1, 47, 1186, 500, -14
-1, 45, 1185, 500, -15
-1, 43, 1184, 500, -16
-1, 42, 1183, 500, -17
-1, 40, 1182, 500, -18
-1, 39, 1181, 500, -19
-1, 38, 1180, 500, -20
-1, 37, 1179, 500, -21
-1, 36, 1178, 500, -22
-1, 35, 1177, 500, -23
-1, 34, 1176, 500, -24
-1, 33, 1175, 500, -25
-1, 32, 1174, 500, -26
-1, 32, 1173, 500, -27
-1, 31, 1172, 500, -28
-1, 30, 1171, 500, -29
-1, 30, 1170, 500, -30
-1, 29, 1169, 500, -31
-1, 29, 1168, 500, -32
-1, 28, 1167, 500, -33
-1, 28, 1166, 500, -34
-1, 27, 1165, 500, -35
-1, 27, 1164, 500, -36
-1, 26, 1163, 500, -37
-1, 26, 1162, 500, -38
-1, 25, 1161, 500, -39
-1, 25, 1160, 500, -40
-1, 25, 1159, 500, -41
-1, 24, 1158, 500, -42
-1, 24, 1157, 500, -43
-1, 23, 1156, 500, -44
-1, 23, 1155, 500, -45
-1, 23, 1154, 500, -46
-1, 23, 1153, 500, -47
-1, 22, 1152, 500, -48
-1, 22, 1151, 500, -49
-1, 22, 1150, 500, -50
-1, 21, 1149, 500, -51
-1, 21, 1148, 500, -52
-1, 21, 1147, 500, -53
-1, 21, 1146, 500, -54
-1, 20, 1145, 500, -55
-1, 20, 1144, 500, -56
-1, 20, 1143, 500, -57
-1, 20, 1142, 500, -58
-1, 20, 1141, 500, -59
-1, 19, 1140, 500, -60
-1, 19, 1139, 500, -61
-1, 19, 1138, 500, -62
-1, 19, 1137, 500, -63
-1, 19, 1136, 500, -64
-1, 18, 1135, 500, -65
-1, 18, 1134, 500, -66
-1, 18, 1133, 500, -67
-1, 18, 1132, 500, -68
-1, 18, 1131, 500, -69
-1, 18, 1130, 500, -70
-1, 17, 1129, 500, -71
-1, 17, 1128, 500, -72
-1, 17, 1127, 500, -73
-1, 17, 1126, 500, -74
-1, 17, 1125, 500, -75
-1, 17, 1124, 500, -76
-1, 17, 1123, 500, -77
-1, 16, 1122, 500, -78
-1, 16, 1121, 500, -79
-1, 16, 1120, 500, -80
-1, 16, 1119, 500, -81
-1, 16, 1118, 500, -82
-1, 16, 1117, 500, -83
-1, 16, 1116, 500, -84
-1, 15, 1115, 500, -85
-1, 15, 1114, 500, -86
-1, 15, 1113, 500, -87
-1, 15, 1112, 500, -88
-1, 15, 1111, 500, -89
-1, 15, 1110, 500, -90
-1, 15, 1109, 500, -91
-1, 15, 1108, 500, -92
-1, 15, 1107, 500, -93
-1, 14, 1106, 500, -94
-1, 14, 1105, 500, -95
-1, 14, 1104, 500, -96
-1, 14, 1103, 500, -97
-1, 14, 1102, 500, -98
-1, 14, 1101, 500, -99
-1, 14, 1100, 500, -100
-1, 14, 1099, 500, -101
-1, 14, 1098, 500, -102
-1, 14, 1097, 500, -103
-1, 14, 1096, 500, -104
-1, 13, 1095, 500, -105
-1, 13, 1094, 500, -106
-1, 13, 1093, 500, -107
-1, 13, 1092, 500, -108
-1, 13, 1091, 500, -109
-1, 13, 1090, 500, -110
-1, 13, 1089, 500, -111
-1, 13, 1088, 500, -112
-1, 13, 1087, 500, -113
-1, 13, 1086, 500, -114
-1, 13, 1085, 500, -115
-1, 13, 1084, 500, -116
-1, 12, 1083, 500, -117
-1, 12, 1082, 500, -118
-1, 12, 1081, 500, -119
-1, 12, 1080, 500, -120
-1, 12, 1079, 500, -121
-1, 12, 1078, 500, -122
-1, 12, 1077, 500, -123
-1, 12, 1076, 500, -124
-1, 12, 1075, 500, -125
-1, 12, 1074, 500, -126
-1, 12, 1073, 500, -127
-1, 12, 1072, 500, -128
-1, 12, 1071, 500, -129
-1, 12, 1070, 500, -130
-1, 12, 1069, 500, -131
-1, 11, 1068, 500, -132
-1, 11, 1067, 500, -133
-1, 11, 1066, 500, -134
-1, 11, 1065, 500, -135
-1, 11, 1064, 500, -136
-1, 11, 1063, 500, -137
-1, 11, 1062, 500, -138
-1, 11, 1061, 500, -139
-1, 11, 1060, 500, -140
-1, 11, 1059, 500, -141
-1, 11, 1058, 500, -142
-1, 11, 1057, 500, -143
-1, 11, 1056, 500, -144
-1, 11, 1055, 500, -145
-1, 11, 1054, 500, -146
-1, 11, 1053, 500, -147
-1, 11, 1052, 500, -148
-1, 11, 1051, 500, -149
-1, 10, 1050, 500, -150
-1, 10, 1049, 500, -151
-1, 10, 1048, 500, -152
-1, 10, 1047, 500, -153
-1, 10, 1046, 500, -154
-1, 10, 1045, 500, -155
-1, 10, 1044, 500, -156
-1, 10, 1043, 500, -157
-1, 10, 1042, 500, -158
-1, 10, 1041, 500, -159
-1, 10, 1040, 500, -160
-1, 10, 1039, 500, -161
-1, 10, 1038, 500, -162
-1, 10, 1037, 500, -163
-1, 10, 1036, 500, -164
-1, 10, 1035, 500, -165
-1, 10, 1034, 500, -166
-1, 10, 1033, 500, -167
-1, 10, 1032, 500, -168
-1, 10, 1031, 500, -169
-1, 10, 1030, 500, -170
-1, 10, 1029, 500, -171
-1, 9, 1028, 500, -172
-1, 9, 1027, 500, -173
-1, 9, 1026, 500, -174
-1, 9, 1025, 500, -175
-1, 9, 1024, 500, -176
-1, 9, 1023, 500, -177
-1, 9, 1022, 500, -178
-1, 9, 1021, 500, -179
-1, 9, 1020, 500, -180
-1, 9, 1019, 500, -181
-1, 9, 1018, 500, -182
-1, 9, 1017, 500, -183
-1, 9, 1016, 500, -184
-1, 9, 1015, 500, -185
-1, 9, 1014, 500, -186
-1, 9, 1013, 500, -187
-1, 9, 1012, 500, -188
-1, 9, 1011, 500, -189
-1, 9, 1010, 500, -190
-1, 9, 1009, 500, -191
-1, 9, 1008, 500, -192
-1, 9, 1007, 500, -193
-1, 9, 1006, 500, -194
-1, 9, 1005, 500, -195
-1, 9, 1004, 500, -196
-1, 9, 1003, 500, -197
-1, 9, 1002, 500, -198
-1, 8, 1001, 500, -199
-1, 8, 1000, 500, -200
-1, 8, 999, 500, -201
-1, 8, 998, 500, -202
-1, 8, 997, 500, -203
-1, 8, 996, 500, -204
-1, 8, 995, 500, -205
-1, 8, 994, 500, -206
-1, 8, 993, 500, -207
-1, 8, 992, 500, -208
-1, 8, 991, 500, -209
-1, 8, 990, 500, -210
-1, 8, 989, 500, -211
-1, 8, 988, 500, -212
-1, 8, 987, 500, -213
-1, 8, 986, 500, -214
-1, 8, 985, 500, -215
-1, 8, 984, 500, -216
-1, 8, 983, 500, -217
-1, 8, 982, 500, -218
-1, 8, 981, 500, -219
-1, 8, 980, 500, -220
-1, 8, 979, 500, -221
-1, 8, 978, 500, -222
-1, 8, 977, 500, -223
-1, 8, 976, 500, -224
-1, 8, 975, 500, -225
-1, 8, 974, 500, -226
-1, 8, 973, 500, -227
-1, 8, 972, 500, -228
-1, 8, 971, 500, -229
-1, 8, 970, 500, -230
-1, 8, 969, 500, -231
-1, 8, 968, 500, -232
-1, 7, 967, 500, -233
-1, 7, 966, 500, -234
-1, 7, 965, 500, -235
-1, 7, 964, 500, -236
-1, 7, 963, 500, -237
-1, 7, 962, 500, -238
-1, 7, 961, 500, -239
-1, 7, 960, 500, -240
-1, 7, 959, 500, -241
-1, 7, 958, 500, -242
-1, 7, 957, 500, -243
-1, 7, 956, 500, -244
-1, 7, 955, 500, -245
-1, 7, 954, 500, -246
-1, 7, 953, 500, -247
-1, 7, 952, 500, -248
-1, 7, 951, 500, -249
-1, 7, 950, 500, -250
-1, 7, 949, 500, -251
-1, 7, 948, 500, -252
-1, 7, 947, 500, -253
-1, 7, 946, 500, -254
-1, 7, 945, 500, -255
-1, 7, 944, 500, -256
-1, 7, 943, 500, -257
-1, 7, 942, 500, -258
-1, 7, 941, 500, -259
-1, 7, 940, 500, -260
-1, 7, 939, 500, -261
-1, 7, 938, 500, -262
-1, 7, 937, 500, -263
-1, 7, 936, 500, -264
-1, 7, 935, 500, -265
-1, 7, 934, 500, -266
-1, 7, 933, 500, -267
-1, 7, 932, 500, -268
-1, 7, 931, 500, -269
-1, 7, 930, 500, -270
-1, 7, 929, 500, -271
-1, 7, 928, 500, -272
-1, 7, 927, 500, -273
-1, 7, 926, 500, -274
-1, 7, 925, 500, -275
-1, 7, 924, 500, -276
-1, 6, 923, 500, -277
-1, 6, 922, 500, -278
-1, 6, 921, 500, -279
-1, 6, 920, 500, -280
-1, 6, 919, 500, -281
-1, 6, 918, 500, -282
-1, 6, 917, 500, -283
-1, 6, 916, 500, -284
-1, 6, 915, 500, -285
-1, 6, 914, 500, -286
-1, 6, 913, 500, -287
-1, 6, 912, 500, -288
-1, 6, 911, 500, -289
-1, 6, 910, 500, -290
-1, 6, 909, 500, -291
-1, 6, 908, 500, -292
-1, 6, 907, 500, -293
-1, 6, 906, 500, -294
-1, 6, 905, 500, -295
-1, 6, 904, 500, -296
-1, 6, 903, 500, -297
-1, 6, 902, 500, -298
-1, 6, 901, 500, -299
-1, 6, 900, 500, -300
-1, 6, 899, 500, -301
-1, 6, 898, 500, -302
-1, 6, 897, 500, -303
-1, 6, 896, 500, -304
-1, 6, 895, 500, -305
-1, 6, 894, 500, -306
-1, 6, 893, 500, -307
-1, 6, 892, 500, -308
-1, 6, 891, 500, -309
-1, 6, 890, 500, -310
-1, 6, 889, 500, -311
-1, 6, 888, 500, -312
-1, 6, 887, 500, -313
-1, 6, 886, 500, -314
-1, 6, 885, 500, -315
-1, 6, 884, 500, -316
-1, 6, 883, 500, -317
-1, 6, 882, 500, -318
-1, 6, 881, 500, -319
-1, 6, 880, 500, -320
-1, 6, 879, 500, -321
-1, 6, 878, 500, -322
-1, 6, 877, 500, -323
-1, 6, 876, 500, -324
-1, 6, 875, 500, -325
-1, 6, 874, 500, -326
-1, 6, 873, 500, -327
-1, 6, 872, 500, -328
-1, 6, 871, 500, -329
-1, 6, 870, 500, -330
-1, 6, 869, 500, -331
-1, 6, 868, 500, -332
-1, 6, 867, 500, -333
-1, 6, 866, 500, -333
-1, 6, 865, 500, -333
-1, 6, 864, 500, -333
-1, 6, 863, 500, -333
-1, 6, 862, 500, -333
-1, 6, 861, 500, -333
-1, 6, 860, 500, -333
-1, 6, 859, 500, -333
-1, 6, 858, 500, -333
-1, 6, 857, 500, -333
-1, 6, 856, 500, -333
-1, 6, 855, 500, -333
-1, 6, 854, 500, -333
-1, 6, 853, 500, -333
-1, 6, 852, 500, -333
-1, 6, 851, 500, -333
-1, 6, 850, 500, -333
-1, 6, 849, 500, -333
-1, 6, 848, 500, -333
-1, 6, 847, 500, -333
-1, 6, 846, 500, -333
-1, 6, 845, 500, -333
-1, 6, 844, 500, -333
-1, 6, 843, 500, -333
-1, 6, 842, 500, -333
-1, 6, 841, 500, -333
-1, 6, 840, 500, -333
-1, 6, 839, 500, -333
-1, 6, 838, 500, -333
-1, 6, 837, 500, -333
-1, 6, 836, 500, -333
-1, 6, 835, 500, -333
-1, 6, 834, 500, -333
-1, 6, 833, 500, -333
-1, 6, 832, 500, -332
-1, 6, 831, 500, -331
-1, 6, 830, 500, -330
-1, 6, 829, 500, -329
-1, 6, 828, 500, -328
-1, 6, 827, 500, -327
-1, 6, 826, 500, -326
-1, 6, 825, 500, -325
-1, 6, 824, 500, -324
-1, 6, 823, 500, -323
-1, 6, 822, 500, -322
-1, 6, 821, 500, -321
-1, 6, 820, 500, -320
-1, 6, 819, 500, -319
-1, 6, 818, 500, -318
-1, 6, 817, 500, -317
-1, 6, 816, 500, -316
-1, 6, 815, 500, -315
-1, 6, 814, 500, -314
-1, 6, 813, 500, -313
-1, 6, 812, 500, -312
-1, 6, 811, 500, -311
-1, 6, 810, 500, -310
-1, 6, 809, 500, -309
-1, 6, 808, 500, -308
-1, 6, 807, 500, -307
-1, 6, 806, 500, -306
-1, 6, 805, 500, -305
-1, 6, 804, 500, -304
-1, 6, 803, 500, -303
-1, 6, 802, 500, -302
-1, 6, 801, 500, -301
-1, 6, 800, 500, -300
-1, 6, 799, 500, -299
-1, 6, 798, 500, -298
-1, 6, 797, 500, -297
-1, 6, 796, 500, -296
-1, 6, 795, 500, -295
-1, 6, 794, 500, -294
-1, 6, 793, 500, -293
-1, 6, 792, 500, -292
-1, 6, 791, 500, -291
-1, 6, 790, 500, -290
-1, 6, 789, 500, -289
-1, 6, 788, 500, -288
-1, 6, 787, 500, -287
-1, 6, 786, 500, -286
-1, 6, 785, 500, -285
-1, 6, 784, 500, -284
-1, 6, 783, 500, -283
-1, 6, 782, 500, -282
-1, 6, 781, 500, -281
-1, 6, 780, 500, -280
-1, 6, 779, 500, -279
-1, 6, 778, 500, -278
-1, 6, 777, 500, -277
-1, 6, 776, 500, -276
-1, 6, 775, 500, -275
-1, 7, 774, 500, -274
-1, 7, 773, 500, -273
-1, 7, 772, 500, -272
-1, 7, 771, 500, -271
-1, 7, 770, 500, -270
-1, 7, 769, 500, -269
-1, 7, 768, 500, -268
-1, 7, 767, 500, -267
-1, 7, 766, 500, -266
-1, 7, 765, 500, -265
-1, 7, 764, 500, -264
-1, 7, 763, 500, -263
-1, 7, 762, 500, -262
-1, 7, 761, 500, -261
-1, 7, 760, 500, -260
-1, 7, 759, 500, -259
-1, 7, 758, 500, -258
-1, 7, 757, 500, -257
-1, 7, 756, 500, -256
-1, 7, 755, 500, -255
-1, 7, 754, 500, -254
-1, 7, 753, 500, -253
-1, 7, 752, 500, -252
-1, 7, 751, 500, -251
-1, 7, 750, 500, -250
-1, 7, 749, 500, -249
-1, 7, 748, 500, -248
-1, 7, 747, 500, -247
-1, 7, 746, 500, -246
-1, 7, 745, 500, -245
-1, 7, 744, 500, -244
-1, 7, 743, 500, -243
-1, 7, 742, 500, -242
-1, 7, 741, 500, -241
-1, 7, 740, 500, -240
-1, 7, 739, 500, -239
-1, 7, 738, 500, -238
-1, 7, 737, 500, -237
-1, 7, 736, 500, -236
-1, 7, 735, 500, -235
-1, 7, 734, 500, -234
-1, 7, 733, 500, -233
-1, 7, 732, 500, -232
-1, 7, 731, 500, -231
-1, 8, 730, 500, -230
-1, 8, 729, 500, -229
-1, 8, 728, 500, -228
-1, 8, 727, 500, -227
-1, 8, 726, 500, -226
-1, 8, 725, 500, -225
-1, 8, 724, 500, -224
-1, 8, 723, 500, -223
-1, 8, 722, 500, -222
-1, 8, 721, 500, -221
-1, 8, 720, 500, -220
-1, 8, 719, 500, -219
-1, 8, 718, 500, -218
-1, 8, 717, 500, -217
-1, 8, 716, 500, -216
-1, 8, 715, 500, -215
-1, 8, 714, 500, -214
-1, 8, 713, 500, -213
-1, 8, 712, 500, -212
-1, 8, 711, 500, -211
-1, 8, 710, 500, -210
-1, 8, 709, 500, -209
-1, 8, 708, 500, -208
-1, 8, 707, 500, -207
-1, 8, 706, 500, -206
-1, 8, 705, 500, -205
-1, 8, 704, 500, -204
-1, 8, 703, 500, -203
-1, 8, 702, 500, -202
-1, 8, 701, 500, -201
-1, 8, 700, 500, -200
-1, 8, 699, 500, -199
-1, 8, 698, 500, -198
-1, 8, 697, 500, -197
-1, 9, 696, 500, -196
-1, 9, 695, 500, -195
-1, 9, 694, 500, -194
-1, 9, 693, 500, -193
-1, 9, 692, 500, -192
-1, 9, 691, 500, -191
-1, 9, 690, 500, -190
-1, 9, 689, 500, -189
-1, 9, 688, 500, -188
-1, 9, 687, 500, -187
-1, 9, 686, 500, -186
-1, 9, 685, 500, -185
-1, 9, 684, 500, -184
-1, 9, 683, 500, -183
-1, 9, 682, 500, -182
-1, 9, 681, 500, -181
-1, 9, 680, 500, -180
-1, 9, 679, 500, -179
-1, 9, 678, 500, -178
-1, 9, 677, 500, -177
-1, 9, 676, 500, -176
-1, 9, 675, 500, -175
-1, 9, 674, 500, -174
-1, 9, 673, 500, -173
-1, 9, 672, 500, -172
-1, 9, 671, 500, -171
-1, 9, 670, 500, -170
-1, 10, 669, 500, -169
-1, 10, 668, 500, -168
-1, 10, 667, 500, -167
-1, 10, 666, 500, -166
-1, 10, 665, 500, -165
-1, 10, 664, 500, -164
-1, 10, 663, 500, -163
-1, 10, 662, 500, -162
-1, 10, 661, 500, -161
-1, 10, 660, 500, -160
-1, 10, 659, 500, -159
-1, 10, 658, 500, -158
-1, 10, 657, 500, -157
-1, 10, 656, 500, -156
-1, 10, 655, 500, -155
-1, 10, 654, 500, -154
-1, 10, 653, 500, -153
-1, 10, 652, 500, -152
-1, 10, 651, 500, -151
-1, 10, 650, 500, -150
-1, 10, 649, 500, -149
-1, 10, 648, 500, -148
-1, 11, 647, 500, -147
-1, 11, 646, 500, -146
-1, 11, 645, 500, -145
-1, 11, 644, 500, -144
-1, 11, 643, 500, -143
-1, 11, 642, 500, -142
-1, 11, 641, 500, -141
-1, 11, 640, 500, -140
-1, 11, 639, 500, -139
-1, 11, 638, 500, -138
-1, 11, 637, 500, -137
-1, 11, 636, 500, -136
-1, 11, 635, 500, -135
-1, 11, 634, 500, -134
-1, 11, 633, 500, -133
-1, 11, 632, 500, -132
-1, 11, 631, 500, -131
-1, 11, 630, 500, -130
-1, 12, 629, 500, -129
-1, 12, 628, 500, -128
-1, 12, 627, 500, -127
-1, 12, 626, 500, -126
-1, 12, 625, 500, -125
-1, 12, 624, 500, -124
-1, 12, 623, 500, -123
-1, 12, 622, 500, -122
-1, 12, 621, 500, -121
-1, 12, 620, 500, -120
-1, 12, 619, 500, -119
-1, 12, 618, 500, -118
-1, 12, 617, 500, -117
-1, 12, 616, 500, -116
-1, 12, 615, 500, -115
-1, 13, 614, 500, -114
-1, 13, 613, 500, -113
-1, 13, 612, 500, -112
-1, 13, 611, 500, -111
-1, 13, 610, 500, -110
-1, 13, 609, 500, -109
-1, 13, 608, 500, -108
-1, 13, 607, 500, -107
-1, 13, 606, 500, -106
-1, 13, 605, 500, -105
-1, 13, 604, 500, -104
-1, 13, 603, 500, -103
-1, 14, 602, 500, -102
-1, 14, 601, 500, -101
-1, 14, 600, 500, -100
-1, 14, 599, 500, -99
-1, 14, 598, 500, -98
-1, 14, 597, 500, -97
-1, 14, 596, 500, -96
-1, 14, 595, 500, -95
-1, 14, 594, 500, -94
-1, 14, 593, 500, -93
-1, 14, 592, 500, -92
-1, 15, 591, 500, -91
-1, 15, 590, 500, -90
-1, 15, 589, 500, -89
-1, 15, 588, 500, -88
-1, 15, 587, 500, -87
-1, 15, 586, 500, -86
-1, 15, 585, 500, -85
-1, 15, 584, 500, -84
-1, 15, 583, 500, -83
-1, 16, 582, 500, -82
-1, 16, 581, 500, -81
-1, 16, 580, 500, -80
-1, 16, 579, 500, -79
-1, 16, 578, 500, -78
-1, 16, 577, 500, -77
-1, 16, 576, 500, -76
-1, 17, 575, 500, -75
-1, 17, 574, 500, -74
-1, 17, 573, 500, -73
-1, 17, 572, 500, -72
-1, 17, 571, 500, -71
-1, 17, 570, 500, -70
-1, 17, 569, 500, -69
-1, 18, 568, 500, -68
-1, 18, 567, 500, -67
-1, 18, 566, 500, -66
-1, 18, 565, 500, -65
-1, 18, 564, 500, -64
-1, 18, 563, 500, -63
-1, 19, 562, 500, -62
-1, 19, 561, 500, -61
-1, 19, 560, 500, -60
-1, 19, 559, 500, -59
-1, 19, 558, 500, -58
-1, 20, 557, 500, -57
-1, 20, 556, 500, -56
-1, 20, 555, 500, -55
-1, 20, 554, 500, -54
-1, 20, 553, 500, -53
-1, 21, 552, 500, -52
-1, 21, 551, 500, -51
-1, 21, 550, 500, -50
-1, 21, 549, 500, -49
-1, 22, 548, 500, -48
-1, 22, 547, 500, -47
-1, 22, 546, 500, -46
-1, 23, 545, 500, -45
-1, 23, 544, 500, -44
-1, 23, 543, 500, -43
-1, 23, 542, 500, -42
-1, 24, 541, 500, -41
-1, 24, 540, 500, -40
-1, 25, 539, 500, -39
-1, 25, 538, 500, -38
-1, 25, 537, 500, -37
-1, 26, 536, 500, -36
-1, 26, 535, 500, -35
-1, 27, 534, 500, -34
-1, 27, 533, 500, -33
-1, 28, 532, 500, -32
-1, 28, 531, 500, -31
-1, 29, 530, 500, -30
-1, 29, 529, 500, -29
-1, 30, 528, 500, -28
-1, 30, 527, 500, -27
-1, 31, 526, 500, -26
-1, 32, 525, 500, -25
-1, 32, 524, 500, -24
-1, 33, 523, 500, -23
-1, 34, 522, 500, -22
-1, 35, 521, 500, -21
-1, 36, 520, 500, -20
-1, 37, 519, 500, -19
-1, 38, 518, 500, -18
-1, 39, 517, 500, -17
-1, 40, 516, 500, -16
-1, 42, 515, 500, -15
-1, 43, 514, 500, -14
-1, 45, 513, 500, -13
-1, 47, 512, 500, -12
-1, 49, 511, 500, -11
-1, 52, 510, 500, -10
-1, 55, 509, 500, -9
-1, 58, 508, 500, -8
-1, 62, 507, 500, -7
-1, 67, 506, 500, -6
-1, 73, 505, 500, -5
-1, 81, 504, 500, -4
-1, 93, 503, 500, -3
-1, 111, 502, 500, -2
-1, 145, 501, 500, -1
-1, 300, 500, 500, 0
0, 0, 500, 500, 0
0, 0, 500, 500, 0
0, 0, 500, 500, 0
0, 0, 500, 500, 0
0, 0, 500, 500, 0
0, 0, 500, 500, 0
0, 0, 500, 500, 0
0, 0, 500, 500, 0
0, 0, 500, 500, 0
0, 0, 500, 500, 0
0, 0, 500, 500, 0
0, 0, 500, 500, 0
0, 0, 500, 500, 0
0, 0, 500, 500, 0
0, 0, 500, 500, 0
0, 0, 500, 500, 0
0, 0, 500, 500, 0
0, 0, 500, 500, 0
0, 0, 500, 500, 0
0, 0, 500, 500, 0
0, 0, 500, 500, 0
0, 0, 500, 500, 0
0, 0, 500, 500, 0
0, 0, 500, 500, 0
0, 0, 500, 500, 0
0, 0, 500, 500, 0
0, 0, 500, 500, 0
0, 0, 500, 500, 0
0, 0, 500, 500, 0
0, 0, 500, 500, 0
0, 0, 500, 500, 0
0, 0, 500, 500, 0
0, 0, 500, 500, 0
0, 0, 500, 500, 0
0, 0, 500, 500, 0
0, 0, 500, 500, 0
0, 0, 500, 500, 0
0, 0, 500, 500, 0
0, 0, 500, 500, 0
0, 0, 500, 500, 0
0, 0, 500, 500, 0
0, 0, 500, 500, 0
0, 0, 500, 500, 0
0, 0, 500, 500, 0
0, 0, 500, 500, 0
0, 0, 500, 500, 0
0, 0, 500, 500, 0
0, 0, 500, 500, 0
0, 0, 500, 500, 0
0, 0, 500, 500, 0
0, 0, 500, 500, 0
0, 0, 500, 500, 0
0, 0, 500, 500, 0
0, 0, 500, 500, 0
0, 0, 500, 500, 0
0, 0, 500, 500, 0
0, 0, 500, 500, 0
0, 0, 500, 500, 0
0, 0, 500, 500, 0
0, 0, 500, 500, 0
0, 0, 500, 500, 0
0, 0, 500, 500, 0
0, 0, 500, 500, 0
0, 0, 500, 500, 0
0, 0, 500, 500, 0
0, 0, 500, 500, 0
0, 0, 500, 500, 0
0, 0, 500, 500, 0
0, 0, 500, 500, 0
0, 0, 500, 500, 0
0, 0, 500, 500, 0
0, 0, 500, 500, 0
0, 0, 500, 500, 0
0, 0, 500, 500, 0
0, 0, 500, 500, 0
0, 0, 500, 500, 0
0, 0, 500, 500, 0
0, 0, 500, 500, 0
0, 0, 500, 500, 0
0, 0, 500, 500, 0
0, 0, 500, 500, 0
0, 0, 500, 500, 0
0, 0, 500, 500, 0
0, 0, 500, 500, 0
0, 0, 500, 500, 0
0, 0, 500, 500, 0
0, 0, 500, 500, 0
0, 0, 500, 500, 0
0, 0, 500, 500, 0
0, 0, 500, 500, 0
0, 0, 500, 500, 0
0, 0, 500, 500, 0
0, 0, 500, 500, 0
0, 0, 500, 500, 0
0, 0, 500, 500, 0
0, 0, 500, 500, 0
0, 0, 500, 500, 0
0, 0, 500, 500, 0
0, 0, 500, 500, 0
0, 0, 500, 500, 0
0, 0, 500, 500, 0
0, 0, 500, 500, 0
0, 0, 500, 500, 0
0, 0, 500, 500, 0
0, 0, 500, 500, 0
0, 0, 500, 500, 0
0, 0, 500, 500, 0
0, 0, 500, 500, 0
0, 0, 500, 500, 0
0, 0, 500, 500, 0
0, 0, 500, 500, 0
0, 0, 500, 500, 0
0, 0, 500, 500, 0
0, 0, 500, 500, 0
0, 0, 500, 500, 0
0, 0, 500, 500, 0
0, 0, 500, 500, 0
0, 0, 500, 500, 0
0, 0, 500, 500, 0
0, 0, 500, 500, 0
0, 0, 500, 500, 0
0, 0, 500, 500, 0
0, 0, 500, 500, 0
0, 0, 500, 500, 0
0, 0, 500, 500, 0
0, 0, 500, 500, 0
0, 0, 500, 500, 0
0, 0, 500, 500, 0
0, 0, 500, 500, 0
0, 0, 500, 500, 0
0, 0, 500, 500, 0
0, 0, 500, 500, 0
0, 0, 500, 500, 0
0, 0, 500, 500, 0
0, 0, 500, 500, 0
0, 0, 500, 500, 0
0, 0, 500, 500, 0
0, 0, 500, 500, 0
0, 0, 500, 500, 0
0, 0, 500, 500, 0
0, 0, 500, 500, 0
0, 0, 500, 500, 0
0, 0, 500, 500, 0
0, 0, 500, 500, 0
0, 0, 500, 500, 0
0, 0, 500, 500, 0
0, 0, 500, 500, 0
0, 0, 500, 500, 0
0, 0, 500, 500, 0
0, 0, 500, 500, 0
0, 0, 500, 500, 0
0, 0, 500, 500, 0
0, 0, 500, 500, 0
0, 0, 500, 500, 0
0, 0, 500, 500, 0
0, 0, 500, 500, 0
0, 0, 500, 500, 0
0, 0, 500, 500, 0
0, 0, 500, 500, 0
0, 0, 500, 500, 0
0, 0, 500, 500, 0
0, 0, 500, 500, 0
0, 0, 500, 500, 0
0, 0, 500, 500, 0
0, 0, 500, 500, 0
0, 0, 500, 500, 0
0, 0, 500, 500, 0
0, 0, 500, 500, 0
0, 0, 500, 500, 0
0, 0, 500, 500, 0
0, 0, 500, 500, 0
0, 0, 500, 500, 0
0, 0, 500, 500, 0
0, 0, 500, 500, 0
0, 0, 500, 500, 0
0, 0, 500, 500, 0
0, 0, 500, 500, 0
0, 0, 500, 500, 0
0, 0, 500, 500, 0
0, 0, 500, 500, 0
0, 0, 500, 500, 0
0, 0, 500, 500, 0
0, 0, 500, 500, 0
0, 0, 500, 500, 0
0, 0, 500, 500, 0
0, 0, 500, 500, 0
0, 0, 500, 500, 0
0, 0, 500, 500, 0
0, 0, 500, 500, 0
0, 0, 500, 500, 0
0, 0, 500, 500, 0
0, 0, 500, 500, 0
0, 0, 500, 500, 0
0, 0, 500, 500, 0
0, 0, 500, 500, 0
0, 0, 500, 500, 0
0, 0, 500, 500, 0
0, 0, 500, 500, 0
0, 0, 500, 500, 0
0, 0, 500, 500, 0
0, 0, 500, 500, 0
0, 0, 500, 500, 0
0, 0, 500, 500, 0
0, 0, 500, 500, 0
0, 0, 500, 500, 0
0, 0, 500, 500, 0
0, 0, 500, 500, 0
0, 0, 500, 500, 0
0, 0, 500, 500, 0
0, 0, 500, 500, 0
0, 0, 500, 500, 0
0, 0, 500, 500, 0
0, 0, 500, 500, 0
0, 0, 500, 500, 0
0, 0, 500, 500, 0
0, 0, 500, 500, 0
0, 0, 500, 500, 0
0, 0, 500, 500, 0
0, 0, 500, 500, 0
0, 0, 500, 500, 0
0, 0, 500, 500, 0
0, 0, 500, 500, 0
0, 0, 500, 500, 0
0, 0, 500, 500, 0
0, 0, 500, 500, 0
0, 0, 500, 500, 0
0, 0, 500, 500, 0
0, 0, 500, 500, 0
0, 0, 500, 500, 0
0, 0, 500, 500, 0
0, 0, 500, 500, 0
0, 0, 500, 500, 0
0, 0, 500, 500, 0
0, 0, 500, 500, 0
0, 0, 500, 500, 0
0, 0, 500, 500, 0
0, 0, 500, 500, 0
0, 0, 500, 500, 0
0, 0, 500, 500, 0
0, 0, 500, 500, 0
0, 0, 500, 500, 0
0, 0, 500, 500, 0
0, 0, 500, 500, 0
0, 0, 500, 500, 0
0, 0, 500, 500, 0
0, 0, 500, 500, 0
0, 0, 500, 500, 0
0, 0, 500, 500, 0
0, 0, 500, 500, 0
0, 0, 500, 500, 0
0, 0, 500, 500, 0
0, 0, 500, 500, 0
0, 0, 500, 500, 0
0, 0, 500, 500, 0
0, 0, 500, 500, 0
0, 0, 500, 500, 0
0, 0, 500, 500, 0
0, 0, 500, 500, 0
0, 0, 500, 500, 0
0, 0, 500, 500, 0
0, 0, 500, 500, 0
0, 0, 500, 500, 0
0, 0, 500, 500, 0
0, 0, 500, 500, 0
0, 0, 500, 500, 0
0, 0, 500, 500, 0
0, 0, 500, 500, 0
0, 0, 500, 500, 0
0, 0, 500, 500, 0
0, 0, 500, 500, 0
0, 0, 500, 500, 0
0, 0, 500, 500, 0
0, 0, 500, 500, 0
0, 0, 500, 500, 0
0, 0, 500, 500, 0
0, 0, 500, 500, 0
0, 0, 500, 500, 0
0, 0, 500, 500, 0
0, 0, 500, 500, 0
0, 0, 500, 500, 0
0, 0, 500, 500, 0
0, 0, 500, 500, 0
0, 0, 500, 500, 0
0, 0, 500, 500, 0
0, 0, 500, 500, 0
0, 0, 500, 500, 0
0, 0, 500, 500, 0
0, 0, 500, 500, 0
0, 0, 500, 500, 0
0, 0, 500, 500, 0
0, 0, 500, 500, 0
0, 0, 500, 500, 0
0, 0, 500, 500, 0
0, 0, 500, 500, 0
0, 0, 500, 500, 0
0, 0, 500, 500, 0
0, 0, 500, 500, 0
0, 0, 500, 500, 0
0, 0, 500, 500, 0
0, 0, 500, 500, 0
-1, 996, 499, 0, -1
-1, 300, 498, 0, -2
-1, 145, 497, 0, -3
-1, 111, 496, 0, -4
-1, 93, 495, 0, -5
-1, 81, 494, 0, -6
-1, 73, 493, 0, -7
-1, 67, 492, 0, -8
-1, 62, 491, 0, -9
-1, 58, 490, 0, -10
-1, 55, 489, 0, -11
-1, 52, 488, 0, -12
-1, 49, 487, 0, -13
-1, 47, 486, 0, -14
-1, 45, 485, 0, -15
-1, 43, 484, 0, -16
-1, 42, 483, 0, -17
-1, 40, 482, 0, -18
-1, 39, 481, 0, -19
-1, 38, 480, 0, -20
-1, 37, 479, 0, -21
-1, 36, 478, 0, -22
-1, 35, 477, 0, -23
-1, 34, 476, 0, -24
-1, 33, 475, 0, -25
-1, 32, 474, 0, -26
-1, 32, 473, 0, -27
-1, 31, 472, 0, -28
-1, 30, 471, 0, -29
-1, 30, 470, 0, -30
-1, 29, 469, 0, -31
-1, 29, 468, 0, -32
-1, 28, 467, 0, -33
-1, 28, 466, 0, -34
-1, 27, 465, 0, -35
-1, 27, 464, 0, -36
-1, 26, 463, 0, -37
-1, 26, 462, 0, -38
-1, 25, 461, 0, -39
-1, 25, 460, 0, -40
-1, 25, 459, 0, -41
-1, 24, 458, 0, -42
-1, 24, 457, 0, -43
-1, 23, 456, 0, -44
-1, 23, 455, 0, -45
-1, 23, 454, 0, -46
-1, 23, 453, 0, -47
-1, 22, 452, 0, -48
-1, 22, 451, 0, -49
-1, 22, 450, 0, -50
-1, 21, 449, 0, -51
-1, 21, 448, 0, -52
-1, 21, 447, 0, -53
-1, 21, 446, 0, -54
-1, 20, 445, 0, -55
-1, 20, 444, 0, -56
-1, 20, 443, 0, -57
-1, 20, 442, 0, -58
-1, 20, 441, 0, -59
-1, 19, 440, 0, -60
-1, 19, 439, 0, -61
-1, 19, 438, 0, -62
-1, 19, 437, 0, -63
-1, 19, 436, 0, -64
-1, 18, 435, 0, -65
-1, 18, 434, 0, -66
-1, 18, 433, 0, -67
-1, 18, 432, 0, -68
-1, 18, 431, 0, -69
-1, 18, 430, 0, -70
-1, 17, 429, 0, -71
-1, 17, 428, 0, -72
-1, 17, 427, 0, -73
-1, 17, 426, 0, -74
-1, 17, 425, 0, -75
-1, 17, 424, 0, -76
-1, 17, 423, 0, -77
-1, 16, 422, 0, -78
-1, 16, 421, 0, -79
-1, 16, 420, 0, -80
-1, 16, 419, 0, -81
-1, 16, 418, 0, -82
-1, 16, 417, 0, -83
-1, 16, 416, 0, -84
-1, 15, 415, 0, -85
-1, 15, 414, 0, -86
-1, 15, 413, 0, -87
-1, 15, 412, 0, -88
-1, 15, 411, 0, -89
-1, 15, 410, 0, -90
-1, 15, 409, 0, -91
-1, 15, 408, 0, -92
-1, 15, 407, 0, -93
-1, 14, 406, 0, -94
-1, 14, 405, 0, -95
-1, 14, 404, 0, -96
-1, 14, 403, 0, -97
-1, 14, 402, 0, -98
-1, 14, 401, 0, -99
-1, 14, 400, 0, -100
-1, 14, 399, 0, -101
-1, 14, 398, 0, -102
-1, 14, 397, 0, -103
-1, 14, 396, 0, -104
-1, 13, 395, 0, -105
-1, 13, 394, 0, -106
-1, 13, 393, 0, -107
-1, 13, 392, 0, -108
-1, 13, 391, 0, -109
-1, 13, 390, 0, -110
-1, 13, 389, 0, -111
-1, 13, 388, 0, -112
-1, 13, 387, 0, -113
-1, 13, 386, 0, -114
-1, 13, 385, 0, -115
-1, 13, 384, 0, -116
-1, 12, 383, 0, -117
-1, 12, 382, 0, -118
-1, 12, 381, 0, -119
-1, 12, 380, 0, -120
-1, 12, 379, 0, -121
-1, 12, 378, 0, -122
-1, 12, 377, 0, -123
-1, 12, 376, 0, -124
-1, 12, 375, 0, -125
-1, 12, 374, 0, -126
-1, 12, 373, 0, -127
-1, 12, 372, 0, -128
-1, 12, 371, 0, -129
-1, 12, 370, 0, -130
-1, 12, 369, 0, -131
-1, 11, 368, 0, -132
-1, 11, 367, 0, -133
-1, 11, 366, 0, -134
-1, 11, 365, 0, -135
-1, 11, 364, 0, -136
-1, 11, 363, 0, -137
-1, 11, 362, 0, -138
-1, 11, 361, 0, -139
-1, 11, 360, 0, -140
-1, 11, 359, 0, -141
-1, 11, 358, 0, -142
-1, 11, 357, 0, -143
-1, 11, 356, 0, -144
-1, 11, 355, 0, -145
-1, 11, 354, 0, -146
-1, 11, 353, 0, -147
-1, 11, 352, 0, -148
-1, 11, 351, 0, -149
-1, 10, 350, 0, -150
-1, 10, 349, 0, -151
-1, 10, 348, 0, -152
-1, 10, 347, 0, -153
-1, 10, 346, 0, -154
-1, 10, 345, 0, -155
-1, 10, 344, 0, -156
-1, 10, 343, 0, -157
-1, 10, 342, 0, -158
-1, 10, 341, 0, -159
-1, 10, 340, 0, -160
-1, 10, 339, 0, -161
-1, 10, 338, 0, -162
-1, 10, 337, 0, -163
-1, 10, 336, 0, -164
-1, 10, 335, 0, -165
-1, 10, 334, 0, -166
-1, 10, 333, 0, -167
-1, 10, 332, 0, -168
-1, 10, 331, 0, -169
-1, 10, 330, 0, -170
-1, 10, 329, 0, -171
-1, 9, 328, 0, -172
-1, 9, 327, 0, -173
-1, 9, 326, 0, -174
-1, 9, 325, 0, -175
-1, 9, 324, 0, -176
-1, 9, 323, 0, -177
-1, 9, 322, 0, -178
-1, 9, 321, 0, -179
-1, 9, 320, 0, -180
-1, 9, 319, 0, -181
-1, 9, 318, 0, -182
-1, 9, 317, 0, -183
-1, 9, 316, 0, -184
-1, 9, 315, 0, -185
-1, 9, 314, 0, -186
-1, 9, 313, 0, -187
-1, 9, 312, 0, -188
-1, 9, 311, 0, -189
-1, 9, 310, 0, -190
-1, 9, 309, 0, -191
-1, 9, 308, 0, -192
-1, 9, 307, 0, -193
-1, 9, 306, 0, -194
-1, 9, 305, 0, -195
-1, 9, 304, 0, -196
-1, 9, 303, 0, -197
-1, 9, 302, 0, -198
-1, 8, 301, 0, -199
-1, 8, 300, 0, -200
-1, 8, 299, 500, -199
-1, 8, 298, 500, -198
-1, 8, 297, 500, -197
-1, 9, 296, 500, -196
-1, 9, 295, 500, -195
-1, 9, 294, 500, -194
-1, 9, 293, 500, -193
-1, 9, 292, 500, -192
-1, 9, 291, 500, -191
-1, 9, 290, 500, -190
-1, 9, 289, 500, -189
-1, 9, 288, 500, -188
-1, 9, 287, 500, -187
-1, 9, 286, 500, -186
-1, 9, 285, 500, -185
-1, 9, 284, 500, -184
-1, 9, 283, 500, -183
-1, 9, 282, 500, -182
-1, 9, 281, 500, -181
-1, 9, 280, 500, -180
-1, 9, 279, 500, -179
-1, 9, 278, 500, -178
-1, 9, 277, 500, -177
-1, 9, 276, 500, -176
-1, 9, 275, 500, -175
-1, 9, 274, 500, -174
-1, 9, 273, 500, -173
-1, 9, 272, 500, -172
-1, 9, 271, 500, -171
-1, 9, 270, 500, -170
-1, 10, 269, 500, -169
-1, 10, 268, 500, -168
-1, 10, 267, 500, -167
-1, 10, 266, 500, -166
-1, 10, 265, 500, -165
-1, 10, 264, 500, -164
-1, 10, 263, 500, -163
-1, 10, 262, 500, -162
-1, 10, 261, 500, -161
-1, 10, 260, 500, -160
-1, 10, 259, 500, -159
-1, 10, 258, 500, -158
-1, 10, 257, 500, -157
-1, 10, 256, 500, -156
-1, 10, 255, 500, -155
-1, 10, 254, 500, -154
-1, 10, 253, 500, -153
-1, 10, 252, 500, -152
-1, 10, 251, 500, -151
-1, 10, 250, 500, -150
-1, 10, 249, 500, -149
-1, 10, 248, 500, -148
-1, 11, 247, 500, -147
-1, 11, 246, 500, -146
-1, 11, 245, 500, -145
-1, 11, 244, 500, -144
-1, 11, 243, 500, -143
-1, 11, 242, 500, -142
-1, 11, 241, 500, -141
-1, 11, 240, 500, -140
-1, 11, 239, 500, -139
-1, 11, 238, 500, -138
-1, 11, 237, 500, -137
-1, 11, 236, 500, -136
-1, 11, 235, 500, -135
-1, 11, 234, 500, -134
-1, 11, 233, 500, -133
-1, 11, 232, 500, -132
-1, 11, 231, 500, -131
-1, 11, 230, 500, -130
-1, 12, 229, 500, -129
-1, 12, 228, 500, -128
-1, 12, 227, 500, -127
-1, 12, 226, 500, -126
-1, 12, 225, 500, -125
-1, 12, 224, 500, -124
-1, 12, 223, 500, -123
-1, 12, 222, 500, -122
-1, 12, 221, 500, -121
-1, 12, 220, 500, -120
-1, 12, 219, 500, -119
-1, 12, 218, 500, -118
-1, 12, 217, 500, -117
-1, 12, 216, 500, -116
-1, 12, 215, 500, -115
-1, 13, 214, 500, -114
-1, 13, 213, 500, -113
-1, 13, 212, 500, -112
-1, 13, 211, 500, -111
-1, 13, 210, 500, -110
-1, 13, 209, 500, -109
-1, 13, 208, 500, -108
-1, 13, 207, 500, -107
-1, 13, 206, 500, -106
-1, 13, 205, 500, -105
-1, 13, 204, 500, -104
-1, 13, 203, 500, -103
-1, 14, 202, 500, -102
-1, 14, 201, 500, -101
-1, 14, 200, 500, -100
-1, 14, 199, 500, -99
-1, 14, 198, 500, -98
-1, 14, 197, 500, -97
-1, 14, 196, 500, -96
-1, 14, 195, 500, -95
-1, 14, 194, 500, -94
-1, 14, 193, 500, -93
-1, 14, 192, 500, -92
-1, 15, 191, 500, -91
-1, 15, 190, 500, -90
-1, 15, 189, 500, -89
-1, 15, 188, 500, -88
-1, 15, 187, 500, -87
-1, 15, 186, 500, -86
-1, 15, 185, 500, -85
-1, 15, 184, 500, -84
-1, 15, 183, 500, -83
-1, 16, 182, 500, -82
-1, 16, 181, 500, -81
-1, 16, 180, 500, -80
-1, 16, 179, 500, -79
-1, 16, 178, 500, -78
-1, 16, 177, 500, -77
-1, 16, 176, 500, -76
-1, 17, 175, 500, -75
-1, 17, 174, 500, -74
-1, 17, 173, 500, -73
-1, 17, 172, 500, -72
-1, 17, 171, 500, -71
-1, 17, 170, 500, -70
-1, 17, 169, 500, -69
-1, 18, 168, 500, -68
-1, 18, 167, 500, -67
-1, 18, 166, 500, -66
-1, 18, 165, 500, -65
-1, 18, 164, 500, -64
-1, 18, 163, 500, -63
-1, 19, 162, 500, -62
-1, 19, 161, 500, -61
-1, 19, 160, 500, -60
-1, 19, 159, 500, -59
-1, 19, 158, 500, -58
-1, 20, 157, 500, -57
-1, 20, 156, 500, -56
-1, 20, 155, 500, -55
-1, 20, 154, 500, -54
-1, 20, 153, 500, -53
-1, 21, 152, 500, -52
-1, 21, 151, 500, -51
-1, 21, 150, 500, -50
-1, 21, 149, 500, -49
-1, 22, 148, 500, -48
-1, 22, 147, 500, -47
-1, 22, 146, 500, -46
-1, 23, 145, 500, -45
-1, 23, 144, 500, -44
-1, 23, 143, 500, -43
-1, 23, 142, 500, -42
-1, 24, 141, 500, -41
-1, 24, 140, 500, -40
-1, 25, 139, 500, -39
-1, 25, 138, 500, -38
-1, 25, 137, 500, -37
-1, 26, 136, 500, -36
-1, 26, 135, 500, -35
-1, 27, 134, 500, -34
-1, 27, 133, 500, -33
-1, 28, 132, 500, -32
-1, 28, 131, 500, -31
-1, 29, 130, 500, -30
-1, 29, 129, 500, -29
-1, 30, 128, 500, -28
-1, 30, 127, 500, -27
-1, 31, 126, 500, -26
-1, 32, 125, 500, -25
-1, 32, 124, 500, -24
-1, 33, 123, 500, -23
-1, 34, 122, 500, -22
-1, 35, 121, 500, -21
-1, 36, 120, 500, -20
-1, 37, 119, 500, -19
-1, 38, 118, 500, -18
-1, 39, 117, 500, -17
-1, 40, 116, 500, -16
-1, 42, 115, 500, -15
-1, 43, 114, 500, -14
-1, 45, 113, 500, -13
-1, 47, 112, 500, -12
-1, 49, 111, 500, -11
-1, 52, 110, 500, -10
-1, 55, 109, 500, -9
-1, 58, 108, 500, -8
-1, 62, 107, 500, -7
-1, 67, 106, 500, -6
-1, 73, 105, 500, -5
-1, 81, 104, 500, -4
-1, 93, 103, 500, -3
-1, 111, 102, 500, -2
-1, 145, 101, 500, -1
-1, 300, 100, 500, 0
1, 996, 101, 500, 1
1, 300, 102, 500, 2
1, 145, 103, 500, 3
1, 111, 104, 500, 4
1, 93, 105, 500, 5
1, 81, 106, 500, 6
1, 73, 107, 500, 7
1, 67, 108, 500, 8
1, 62, 109, 500, 9
1, 58, 110, 500, 10
1, 55, 111, 500, 11
1, 52, 112, 500, 12
1, 49, 113, 500, 13
1, 47, 114, 500, 14
1, 45, 115, 500, 15
1, 43, 116, 500, 16
1, 42, 117, 500, 17
1, 40, 118, 500, 18
1, 39, 119, 500, 19
1, 38, 120, 500, 20
1, 37, 121, 500, 21
1, 36, 122, 500, 22
1, 35, 123, 500, 23
1, 34, 124, 500, 24
1, 33, 125, 500, 25
1, 32, 126, 500, 26
1, 32, 127, 500, 27
1, 31, 128, 500, 28
1, 30, 129, 500, 29
1, 30, 130, 500, 30
1, 29, 131, 500, 31
1, 29, 132, 500, 32
1, 28, 133, 500, 33
1, 28, 134, 500, 34
1, 27, 135, 500, 35
1, 27, 136, 500, 36
1, 26, 137, 500, 37
1, 26, 138, 500, 38
1, 25, 139, 500, 39
1, 25, 140, 500, 40
1, 25, 141, 500, 41
1, 24, 142, 500, 42
1, 24, 143, 500, 43
1, 23, 144, 500, 44
1, 23, 145, 500, 45
1, 23, 146, 500, 46
1, 23, 147, 500, 47
1, 22, 148, 500, 48
1, 22, 149, 500, 49
1, 22, 150, 500, 50
1, 21, 151, 500, 51
1, 21, 152, 500, 52
1, 21, 153, 500, 53
1, 21, 154, 500, 54
1, 20, 155, 500, 55
1, 20, 156, 500, 56
1, 20, 157, 500, 57
1, 20, 158, 500, 58
1, 20, 159, 500, 59
1, 19, 160, 500, 60
1, 19, 161, 500, 61
1, 19, 162, 500, 62
1, 19, 163, 500, 63
1, 19, 164, 500, 64
1, 18, 165, 500, 65
1, 18, 166, 500, 66
1, 18, 167, 500, 67
1, 18, 168, 500, 68
1, 18, 169, 500, 69
1, 18, 170, 500, 70
1, 17, 171, 500, 71
1, 17, 172, 500, 72
1, 17, 173, 500, 73
1, 17, 174, 500, 74
1, 17, 175, 500, 75
1, 17, 176, 500, 76
1, 17, 177, 500, 77
1, 16, 178, 500, 78
1, 16, 179, 500, 79
1, 16, 180, 500, 80
1, 16, 181, 500, 81
1, 16, 182, 500, 82
1, 16, 183, 500, 83
1, 16, 184, 500, 84
1, 15, 185, 500, 85
1, 15, 186, 500, 86
1, 15, 187, 500, 87
1, 15, 188, 500, 88
1, 15, 189, 500, 89
1, 15, 190, 500, 90
1, 15, 191, 500, 91
1, 15, 192, 500, 92
1, 15, 193, 500, 93
1, 14, 194, 500, 94
1, 14, 195, 500, 95
1, 14, 196, 500, 96
1, 14, 197, 500, 97
1, 14, 198, 500, 98
1, 14, 199, 500, 99
1, 14, 200, 500, 100
1, 14, 201, 500, 101
1, 14, 202, 500, 102
1, 14, 203, 500, 103
1, 14, 204, 500, 104
1, 13, 205, 500, 105
1, 13, 206, 500, 106
1, 13, 207, 500, 107
1, 13, 208, 500, 108
1, 13, 209, 500, 109
1, 13, 210, 500, 110
1, 13, 211, 500, 111
1, 13, 212, 500, 112
1, 13, 213, 500, 113
1, 13, 214, 500, 114
1, 13, 215, 500, 115
1, 13, 216, 500, 116
1, 12, 217, 500, 117
1, 12, 218, 500, 118
1, 12, 219, 500, 119
1, 12, 220, 500, 120
1, 12, 221, 500, 121
1, 12, 222, 500, 122
1, 12, 223, 500, 123
1, 12, 224, 500, 124
1, 12, 225, 500, 125
1, 12, 226, 500, 126
1, 12, 227, 500, 127
1, 12, 228, 500, 128
1, 12, 229, 500, 129
1, 12, 230, 500, 130
1, 12, 231, 500, 131
1, 11, 232, 500, 132
1, 11, 233, 500, 133
1, 11, 234, 500, 134
1, 11, 235, 500, 135
1, 11, 236, 500, 136
1, 11, 237, 500, 137
1, 11, 238, 500, 138
1, 11, 239, 500, 139
1, 11, 240, 500, 140
1, 11, 241, 500, 141
1, 11, 242, 500, 142
1, 11, 243, 500, 143
1, 11, 244, 500, 144
1, 11, 245, 500, 145
1, 11, 246, 500, 146
1, 11, 247, 500, 147
1, 11, 248, 500, 148
1, 11, 249, 500, 149
1, 10, 250, 500, 150
1, 10, 251, 500, 151
1, 10, 252, 500, 152
1, 10, 253, 500, 153
1, 10, 254, 500, 154
1, 10, 255, 500, 155
1, 10, 256, 500, 156
1, 10, 257, 500, 157
1, 10, 258, 500, 158
1, 10, 259, 500, 159
1, 10, 260, 500, 160
1, 10, 261, 500, 161
1, 10, 262, 500, 162
1, 10, 263, 500, 163
1, 10, 264, 500, 164
1, 10, 265, 500, 165
1, 10, 266, 500, 166
1, 10, 267, 500, 167
1, 10, 268, 500, 168
1, 10, 269, 500, 169
1, 10, 270, 500, 170
1, 10, 271, 500, 171
1, 9, 272, 500, 172
1, 9, 273, 500, 173
1, 9, 274, 500, 174
1, 9, 275, 500, 175
1, 9, 276, 500, 176
1, 9, 277, 500, 177
1, 9, 278, 500, 178
1, 9, 279, 500, 179
1, 9, 280, 500, 180
1, 9, 281, 500, 181
1, 9, 282, 500, 182
1, 9, 283, 500, 183
1, 9, 284, 500, 184
1, 9, 285, 500, 185
1, 9, 286, 500, 186
1, 9, 287, 500, 187
1, 9, 288, 500, 188
1, 9, 289, 500, 189
1, 9, 290, 500, 190
1, 9, 291, 500, 191
1, 9, 292, 500, 192
1, 9, 293, 500, 193
1, 9, 294, 500, 194
1, 9, 295, 500, 195
1, 9, 296, 500, 196
1, 9, 297, 500, 197
1, 9, 298, 500, 198
1, 8, 299, 500, 199
1, 8, 300, 500, 200
1, 8, 301, 500, 199
1, 8, 302, 500, 198
1, 8, 303, 500, 197
1, 9, 304, 500, 196
1, 9, 305, 500, 195
1, 9, 306, 500, 194
1, 9, 307, 500, 193
1, 9, 308, 500, 192
1, 9, 309, 500, 191
1, 9, 310, 500, 190
1, 9, 311, 500, 189
1, 9, 312, 500, 188
1, 9, 313, 500, 187
1, 9, 314, 500, 186
1, 9, 315, 500, 185
1, 9, 316, 500, 184
1, 9, 317, 500, 183
1, 9, 318, 500, 182
1, 9, 319, 500, 181
1, 9, 320, 500, 180
1, 9, 321, 500, 179
1, 9, 322, 500, 178
1, 9, 323, 500, 177
1, 9, 324, 500, 176
1, 9, 325, 500, 175
1, 9, 326, 500, 174
1, 9, 327, 500, 173
1, 9, 328, 500, 172
1, 9, 329, 500, 171
1, 9, 330, 500, 170
1, 10, 331, 500, 169
1, 10, 332, 500, 168
1, 10, 333, 500, 167
1, 10, 334, 500, 166
1, 10, 335, 500, 165
1, 10, 336, 500, 164
1, 10, 337, 500, 163
1, 10, 338, 500, 162
1, 10, 339, 500, 161
1, 10, 340, 500, 160
1, 10, 341, 500, 159
1, 10, 342, 500, 158
1, 10, 343, 500, 157
1, 10, 344, 500, 156
1, 10, 345, 500, 155
1, 10, 346, 500, 154
1, 10, 347, 500, 153
1, 10, 348, 500, 152
1, 10, 349, 500, 151
1, 10, 350, 500, 150
1, 10, 351, 500, 149
1, 10, 352, 500, 148
1, 11, 353, 500, 147
1, 11, 354, 500, 146
1, 11, 355, 500, 145
1, 11, 356, 500, 144
1, 11, 357, 500, 143
1, 11, 358, 500, 142
1, 11, 359, 500, 141
1, 11, 360, 500, 140
1, 11, 361, 500, 139
1, 11, 362, 500, 138
1, 11, 363, 500, 137
1, 11, 364, 500, 136
1, 11, 365, 500, 135
1, 11, 366, 500, 134
1, 11, 367, 500, 133
1, 11, 368, 500, 132
1, 11, 369, 500, 131
1, 11, 370, 500, 130
1, 12, 371, 500, 129
1, 12, 372, 500, 128
1, 12, 373, 500, 127
1, 12, 374, 500, 126
1, 12, 375, 500, 125
1, 12, 376, 500, 124
1, 12, 377, 500, 123
1, 12, 378, 500, 122
1, 12, 379, 500, 121
1, 12, 380, 500, 120
1, 12, 381, 500, 119
1, 12, 382, 500, 118
1, 12, 383, 500, 117
1, 12, 384, 500, 116
1, 12, 385, 500, 115
1, 13, 386, 500, 114
1, 13, 387, 500, 113
1, 13, 388, 500, 112
1, 13, 389, 500, 111
1, 13, 390, 500, 110
1, 13, 391, 500, 109
1, 13, 392, 500, 108
1, 13, 393, 500, 107
1, 13, 394, 500, 106
1, 13, 395, 500, 105
1, 13, 396, 500, 104
1, 13, 397, 500, 103
1, 14, 398, 500, 102
1, 14, 399, 500, 101
1, 14, 400, 500, 100
1, 14, 401, 500, 99
1, 14, 402, 500, 98
1, 14, 403, 500, 97
1, 14, 404, 500, 96
1, 14, 405, 500, 95
1, 14, 406, 500, 94
1, 14, 407, 500, 93
1, 14, 408, 500, 92
1, 15, 409, 500, 91
1, 15, 410, 500, 90
1, 15, 411, 500, 89
1, 15, 412, 500, 88
1, 15, 413, 500, 87
1, 15, 414, 500, 86
1, 15, 415, 500, 85
1, 15, 416, 500, 84
1, 15, 417, 500, 83
1, 16, 418, 500, 82
1, 16, 419, 500, 81
1, 16, 420, 500, 80
1, 16, 421, 500, 79
1, 16, 422, 500, 78
1, 16, 423, 500, 77
1, 16, 424, 500, 76
1, 17, 425, 500, 75
1, 17, 426, 500, 74
1, 17, 427, 500, 73
1, 17, 428, 500, 72
1, 17, 429, 500, 71
1, 17, 430, 500, 70
1, 17, 431, 500, 69
1, 18, 432, 500, 68
1, 18, 433, 500, 67
1, 18, 434, 500, 66
1, 18, 435, 500, 65
1, 18, 436, 500, 64
1, 18, 437, 500, 63
1, 19, 438, 500, 62
1, 19, 439, 500, 61
1, 19, 440, 500, 60
1, 19, 441, 500, 59
1, 19, 442, 500, 58
1, 20, 443, 500, 57
1, 20, 444, 500, 56
1, 20, 445, 500, 55
1, 20, 446, 500, 54
1, 20, 447, 500, 53
1, 21, 448, 500, 52
1, 21, 449, 500, 51
1, 21, 450, 500, 50
1, 21, 451, 500, 49
1, 22, 452, 500, 48
1, 22, 453, 500, 47
1, 22, 454, 500, 46
1, 23, 455, 500, 45
1, 23, 456, 500, 44
1, 23, 457, 500, 43
1, 23, 458, 500, 42
1, 24, 459, 500, 41
1, 24, 460, 500, 40
1, 25, 461, 500, 39
1, 25, 462, 500, 38
1, 25, 463, 500, 37
1, 26, 464, 500, 36
1, 26, 465, 500, 35
1, 27, 466, 500, 34
1, 27, 467, 500, 33
1, 28, 468, 500, 32
1, 28, 469, 500, 31
1, 29, 470, 500, 30
1, 29, 471, 500, 29
1, 30, 472, 500, 28
1, 30, 473, 500, 27
1, 31, 474, 500, 26
1, 32, 475, 500, 25
1, 32, 476, 500, 24
1, 33, 477, 500, 23
1, 34, 478, 500, 22
1, 35, 479, 500, 21
1, 36, 480, 500, 20
1, 37, 481, 500, 19
1, 38, 482, 500, 18
1, 39, 483, 500, 17
1, 40, 484, 500, 16
1, 42, 485, 500, 15
1, 43, 486, 500, 14
1, 45, 487, 500, 13
1, 47, 488, 500, 12
1, 49, 489, 500, 11
1, 52, 490, 500, 10
1, 55, 491, 500, 9
1, 58, 492, 500, 8
1, 62, 493, 500, 7
1, 67, 494, 500, 6
1, 73, 495, 500, 5
1, 81, 496, 500, 4
1, 93, 497, 500, 3
1, 111, 498, 500, 2
1, 145, 499, 500, 1
1, 300, 500, 500, 0
0, 0, 500, 500, 0
0, 0, 500, 500, 0
0, 0, 500, 500, 0
0, 0, 500, 500, 0
0, 0, 500, 500, 0
0, 0, 500, 500, 0
0, 0, 500, 500, 0
0, 0, 500, 500, 0
0, 0, 500, 500, 0
0, 0, 500, 500, 0
0, 0, 500, 500, 0
0, 0, 500, 500, 0
0, 0, 500, 500, 0
0, 0, 500, 500, 0
0, 0, 500, 500, 0
0, 0, 500, 500, 0
0, 0, 500, 500, 0
0, 0, 500, 500, 0
0, 0, 500, 500, 0
0, 0, 500, 500, 0
0, 0, 500, 500, 0
0, 0, 500, 500, 0
0, 0, 500, 500, 0
0, 0, 500, 500, 0
0, 0, 500, 500, 0
0, 0, 500, 500, 0
0, 0, 500, 500, 0
0, 0, 500, 500, 0
0, 0, 500, 500, 0
0, 0, 500, 500, 0
0, 0, 500, 500, 0
0, 0, 500, 500, 0
0, 0, 500, 500, 0
0, 0, 500, 500, 0
0, 0, 500, 500, 0
0, 0, 500, 500, 0
0, 0, 500, 500, 0
0, 0, 500, 500, 0
0, 0, 500, 500, 0
0, 0, 500, 500, 0
0, 0, 500, 500, 0
0, 0, 500, 500, 0
0, 0, 500, 500, 0
0, 0, 500, 500, 0
0, 0, 500, 500, 0
0, 0, 500, 500, 0
0, 0, 500, 500, 0
0, 0, 500, 500, 0
0, 0, 500, 500, 0
0, 0, 500, 500, 0
0, 0, 500, 500, 0
0, 0, 500, 500, 0
0, 0, 500, 500, 0
0, 0, 500, 500, 0
0, 0, 500, 500, 0
0, 0, 500, 500, 0
0, 0, 500, 500, 0
0, 0, 500, 500, 0
0, 0, 500, 500, 0
0, 0, 500, 500, 0
0, 0, 500, 500, 0
0, 0, 500, 500, 0
0, 0, 500, 500, 0
0, 0, 500, 500, 0
0, 0, 500, 500, 0
0, 0, 500, 500, 0
0, 0, 500, 500, 0
0, 0, 500, 500, 0
0, 0, 500, 500, 0
0, 0, 500, 500, 0
0, 0, 500, 500, 0
0, 0, 500, 500, 0
0, 0, 500, 500, 0
0, 0, 500, 500, 0
0, 0, 500, 500, 0
0, 0, 500, 500, 0
0, 0, 500, 500, 0
0, 0, 500, 500, 0
0, 0, 500, 500, 0
0, 0, 500, 500, 0
0, 0, 500, 500, 0
0, 0, 500, 500, 0
0, 0, 500, 500, 0
0, 0, 500, 500, 0
0, 0, 500, 500, 0
0, 0, 500, 500, 0
0, 0, 500, 500, 0
0, 0, 500, 500, 0
0, 0, 500, 500, 0
0, 0, 500, 500, 0
0, 0, 500, 500, 0
0, 0, 500, 500, 0
0, 0, 500, 500, 0
0, 0, 500, 500, 0
0, 0, 500, 500, 0
0, 0, 500, 500, 0
0, 0, 500, 500, 0
0, 0, 500, 500, 0
0, 0, 500, 500, 0
0, 0, 500, 500, 0
0, 0, 500, 500, 0
0, 0, 500, 500, 0
0, 0, 500, 500, 0
0, 0, 500, 500, 0
0, 0, 500, 500, 0
0, 0, 500, 500, 0
0, 0, 500, 500, 0
0, 0, 500, 500, 0
0, 0, 500, 500, 0
0, 0, 500, 500, 0
0, 0, 500, 500, 0
0, 0, 500, 500, 0
0, 0, 500, 500, 0
0, 0, 500, 500, 0
0, 0, 500, 500, 0
0, 0, 500, 500, 0
0, 0, 500, 500, 0
0, 0, 500, 500, 0
0, 0, 500, 500, 0
0, 0, 500, 500, 0
0, 0, 500, 500, 0
0, 0, 500, 500, 0
0, 0, 500, 500, 0
0, 0, 500, 500, 0
0, 0, 500, 500, 0
0, 0, 500, 500, 0
0, 0, 500, 500, 0
0, 0, 500, 500, 0
0, 0, 500, 500, 0
0, 0, 500, 500, 0
0, 0, 500, 500, 0
0, 0, 500, 500, 0
0, 0, 500, 500, 0
0, 0, 500, 500, 0
0, 0, 500, 500, 0
0, 0, 500, 500, 0
0, 0, 500, 500, 0
0, 0, 500, 500, 0
0, 0, 500, 500, 0
0, 0, 500, 500, 0
0, 0, 500, 500, 0
0, 0, 500, 500, 0
0, 0, 500, 500, 0
0, 0, 500, 500, 0
0, 0, 500, 500, 0
0, 0, 500, 500, 0
0, 0, 500, 500, 0
0, 0, 500, 500, 0
0, 0, 500, 500, 0
0, 0, 500, 500, 0
0, 0, 500, 500, 0
0, 0, 500, 500, 0
0, 0, 500, 500, 0
0, 0, 500, 500, 0
0, 0, 500, 500, 0
0, 0, 500, 500, 0
0, 0, 500, 500, 0
0, 0, 500, 500, 0
0, 0, 500, 500, 0
0, 0, 500, 500, 0
0, 0, 500, 500, 0
0, 0, 500, 500, 0
0, 0, 500, 500, 0
0, 0, 500, 500, 0
0, 0, 500, 500, 0
0, 0, 500, 500, 0
0, 0, 500, 500, 0
0, 0, 500, 500, 0
0, 0, 500, 500, 0
0, 0, 500, 500, 0
0, 0, 500, 500, 0
0, 0, 500, 500, 0
0, 0, 500, 500, 0
0, 0, 500, 500, 0
0, 0, 500, 500, 0
0, 0, 500, 500, 0
0, 0, 500, 500, 0
0, 0, 500, 500, 0
0, 0, 500, 500, 0
0, 0, 500, 500, 0
0, 0, 500, 500, 0
0, 0, 500, 500, 0
0, 0, 500, 500, 0
0, 0, 500, 500, 0
0, 0, 500, 500, 0
0, 0, 500, 500, 0
0, 0, 500, 500, 0
0, 0, 500, 500, 0
0, 0, 500, 500, 0
0, 0, 500, 500, 0
0, 0, 500, 500, 0
0, 0, 500, 500, 0
0, 0, 500, 500, 0
0, 0, 500, 500, 0
0, 0, 500, 500, 0
0, 0, 500, 500, 0
0, 0, 500, 500, 0
0, 0, 500, 500, 0
0, 0, 500, 500, 0
0, 0, 500, 500, 0
0, 0, 500, 500, 0
0, 0, 500, 500, 0
0, 0, 500, 500, 0
0, 0, 500, 500, 0
0, 0, 500, 500, 0
0, 0, 500, 500, 0
0, 0, 500, 500, 0
0, 0, 500, 500, 0
0, 0, 500, 500, 0
0, 0, 500, 500, 0
0, 0, 500, 500, 0
0, 0, 500, 500, 0
0, 0, 500, 500, 0
0, 0, 500, 500, 0
0, 0, 500, 500, 0
0, 0, 500, 500, 0
0, 0, 500, 500, 0
0, 0, 500, 500, 0
0, 0, 500, 500, 0
0, 0, 500, 500, 0
0, 0, 500, 500, 0
0, 0, 500, 500, 0
0, 0, 500, 500, 0
0, 0, 500, 500, 0
0, 0, 500, 500, 0
0, 0, 500, 500, 0
0, 0, 500, 500, 0
0, 0, 500, 500, 0
0, 0, 500, 500, 0
0, 0, 500, 500, 0
0, 0, 500, 500, 0
0, 0, 500, 500, 0
0, 0, 500, 500, 0
0, 0, 500, 500, 0
0, 0, 500, 500, 0
0, 0, 500, 500, 0
0, 0, 500, 500, 0
0, 0, 500, 500, 0
0, 0, 500, 500, 0
0, 0, 500, 500, 0
0, 0, 500, 500, 0
0, 0, 500, 500, 0
0, 0, 500, 500, 0
0, 0, 500, 500, 0
0, 0, 500, 500, 0
0, 0, 500, 500, 0
0, 0, 500, 500, 0
0, 0, 500, 500, 0
0, 0, 500, 500, 0
0, 0, 500, 500, 0
0, 0, 500, 500, 0
0, 0, 500, 500, 0
0, 0, 500, 500, 0
0, 0, 500, 500, 0
0, 0, 500, 500, 0
0, 0, 500, 500, 0
0, 0, 500, 500, 0
0, 0, 500, 500, 0
0, 0, 500, 500, 0
0, 0, 500, 500, 0
0, 0, 500, 500, 0
0, 0, 500, 500, 0
0, 0, 500, 500, 0
0, 0, 500, 500, 0
0, 0, 500, 500, 0
0, 0, 500, 500, 0
0, 0, 500, 500, 0
0, 0, 500, 500, 0
0, 0, 500, 500, 0
0, 0, 500, 500, 0
0, 0, 500, 500, 0
0, 0, 500, 500, 0
0, 0, 500, 500, 0
0, 0, 500, 500, 0
0, 0, 500, 500, 0
0, 0, 500, 500, 0
0, 0, 500, 500, 0
0, 0, 500, 500, 0
0, 0, 500, 500, 0
0, 0, 500, 500, 0
0, 0, 500, 500, 0
0, 0, 500, 500, 0
0, 0, 500, 500, 0
0, 0, 500, 500, 0
0, 0, 500, 500, 0
0, 0, 500, 500, 0
0, 0, 500, 500, 0
0, 0, 500, 500, 0
0, 0, 500, 500, 0
0, 0, 500, 500, 0
0, 0, 500, 500, 0
0, 0, 500, 500, 0
0, 0, 500, 500, 0
0, 0, 500, 500, 0
0, 0, 500, 500, 0
0, 0, 500, 500, 0
0, 0, 500, 500, 0
0, 0, 500, 500, 0
0, 0, 500, 500, 0
0, 0, 500, 500, 0
0, 0, 500, 500, 0
0, 0, 500, 500, 0
0, 0, 500, 500, 0
0, 0, 500, 500, 0
0, 0, 500, 500, 0
0, 0, 500, 500, 0
0, 0, 500, 500, 0
0, 0, 500, 500, 0
0, 0, 500, 500, 0
0, 0, 500, 500, 0
0, 0, 500, 500, 0
0, 0, 500, 500, 0
0, 0, 500, 500, 0
0, 0, 500, 500, 0
0, 0, 500, 500, 0
0, 0, 500, 500, 0
0, 0, 500, 500, 0
0, 0, 500, 500, 0
0, 0, 500, 500, 0
0, 0, 500, 500, 0
0, 0, 500, 500, 0
0, 0, 500, 500, 0
0, 0, 500, 500, 0
0, 0, 500, 500, 0
0, 0, 500, 500, 0
0, 0, 500, 500, 0
0, 0, 500, 500, 0
0, 0, 500, 500, 0
0, 0, 500, 500, 0
0, 0, 500, 500, 0
0, 0, 500, 500, 0
0, 0, 500, 500, 0
0, 0, 500, 500, 0
0, 0, 500, 500, 0
0, 0, 500, 500, 0
0, 0, 500, 500, 0
0, 0, 500, 500, 0
0, 0, 500, 500, 0
0, 0, 500, 500, 0
0, 0, 500, 500, 0
0, 0, 500, 500, 0
0, 0, 500, 500, 0
0, 0, 500, 500, 0
0, 0, 500, 500, 0
0, 0, 500, 500, 0
0, 0, 500, 500, 0
0, 0, 500, 500, 0
0, 0, 500, 500, 0
0, 0, 500, 500, 0
0, 0, 500, 500, 0
0, 0, 500, 500, 0
0, 0, 500, 500, 0
0, 0, 500, 500, 0
0, 0, 500, 500, 0
0, 0, 500, 500, 0
0, 0, 500, 500, 0
0, 0, 500, 500, 0
0, 0, 500, 500, 0
0, 0, 500, 500, 0
0, 0, 500, 500, 0
0, 0, 500, 500, 0
0, 0, 500, 500, 0
0, 0, 500, 500, 0
0, 0, 500, 500, 0
0, 0, 500, 500, 0
0, 0, 500, 500, 0
0, 0, 500, 500, 0
0, 0, 500, 500, 0
0, 0, 500, 500, 0
0, 0, 500, 500, 0
0, 0, 500, 500, 0
0, 0, 500, 500, 0
0, 0, 500, 500, 0
0, 0, 500, 500, 0
0, 0, 500, 500, 0
0, 0, 500, 500, 0
0, 0, 500, 500, 0
0, 0, 500, 500, 0
0, 0, 500, 500, 0
0, 0, 500, 500, 0
0, 0, 500, 500, 0
0, 0, 500, 500, 0
0, 0, 500, 500, 0
0, 0, 500, 500, 0
0, 0, 500, 500, 0
0, 0, 500, 500, 0
0, 0, 500, 500, 0
0, 0, 500, 500, 0
0, 0, 500, 500, 0
0, 0, 500, 500, 0
0, 0, 500, 500, 0
0, 0, 500, 500, 0
0, 0, 500, 500, 0
0, 0, 500, 500, 0
0, 0, 500, 500, 0
0, 0, 500, 500, 0
0, 0, 500, 500, 0
0, 0, 500, 500, 0
0, 0, 500, 500, 0
0, 0, 500, 500, 0
-1, 996, 499, -100, -1
-1, 300, 498, -100, -2
-1, 145, 497, -100, -3
-1, 111, 496, -100, -4
-1, 93, 495, -100, -5
-1, 81, 494, -100, -6
-1, 73, 493, -100, -7
-1, 67, 492, -100, -8
-1, 62, 491, -100, -9
-1, 58, 490, -100, -10
-1, 55, 489, -100, -11
-1, 52, 488, -100, -12
-1, 49, 487, -100, -13
-1, 47, 486, -100, -14
-1, 45, 485, -100, -15
-1, 43, 484, -100, -16
-1, 42, 483, -100, -17
-1, 40, 482, -100, -18
-1, 39, 481, -100, -19
-1, 38, 480, -100, -20
-1, 37, 479, -100, -21
-1, 36, 478, -100, -22
-1, 35, 477, -100, -23
-1, 34, 476, -100, -24
-1, 33, 475, -100, -25
-1, 32, 474, -100, -26
-1, 32, 473, -100, -27
-1, 31, 472, -100, -28
-1, 30, 471, -100, -29
-1, 30, 470, -100, -30
-1, 29, 469, -100, -31
-1, 29, 468, -100, -32
-1, 28, 467, -100, -33
-1, 28, 466, -100, -34
-1, 27, 465, -100, -35
-1, 27, 464, -100, -36
-1, 26, 463, -100, -37
-1, 26, 462, -100, -38
-1, 25, 461, -100, -39
-1, 25, 460, -100, -40
-1, 25, 459, -100, -41
-1, 24, 458, -100, -42
-1, 24, 457, -100, -43
-1, 23, 456, -100, -44
-1, 23, 455, -100, -45
-1, 23, 454, -100, -46
-1, 23, 453, -100, -47
-1, 22, 452, -100, -48
-1, 22, 451, -100, -49
-1, 22, 450, -100, -50
-1, 21, 449, -100, -51
-1, 21, 448, -100, -52
-1, 21, 447, -100, -53
-1, 21, 446, -100, -54
-1, 20, 445, -100, -55
-1, 20, 444, -100, -56
-1, 20, 443, -100, -57
-1, 20, 442, -100, -58
-1, 20, 441, -100, -59
-1, 19, 440, -100, -60
-1, 19, 439, -100, -61
-1, 19, 438, -100, -62
-1, 19, 437, -100, -63
-1, 19, 436, -100, -64
-1, 18, 435, -100, -65
-1, 18, 434, -100, -66
-1, 18, 433, -100, -67
-1, 18, 432, -100, -68
-1, 18, 431, -100, -69
-1, 18, 430, -100, -70
-1, 17, 429, -100, -71
-1, 17, 428, -100, -72
-1, 17, 427, -100, -73
-1, 17, 426, -100, -74
-1, 17, 425, -100, -75
-1, 17, 424, -100, -76
-1, 17, 423, -100, -77
-1, 16, 422, -100, -78
-1, 16, 421, -100, -79
-1, 16, 420, -100, -80
-1, 16, 419, -100, -81
-1, 16, 418, -100, -82
-1, 16, 417, -100, -83
-1, 16, 416, -100, -84
-1, 15, 415, -100, -85
-1, 15, 414, -100, -86
-1, 15, 413, -100, -87
-1, 15, 412, -100, -88
-1, 15, 411, -100, -89
-1, 15, 410, -100, -90
-1, 15, 409, -100, -91
-1, 15, 408, -100, -92
-1, 15, 407, -100, -93
-1, 14, 406, -100, -94
-1, 14, 405, -100, -95
-1, 14, 404, -100, -96
-1, 14, 403, -100, -97
-1, 14, 402, -100, -98
-1, 14, 401, -100, -99
-1, 14, 400, -100, -100
-1, 14, 399, -100, -101
-1, 14, 398, -100, -102
-1, 14, 397, -100, -103
-1, 14, 396, -100, -104
-1, 13, 395, -100, -105
-1, 13, 394, -100, -106
-1, 13, 393, -100, -107
-1, 13, 392, -100, -108
-1, 13, 391, -100, -109
-1, 13, 390, -100, -110
-1, 13, 389, -100, -111
-1, 13, 388, -100, -112
-1, 13, 387, -100, -113
-1, 13, 386, -100, -114
-1, 13, 385, -100, -115
-1, 13, 384, -100, -116
-1, 12, 383, -100, -117
-1, 12, 382, -100, -118
-1, 12, 381, -100, -119
-1, 12, 380, -100, -120
-1, 12, 379, -100, -121
-1, 12, 378, -100, -122
-1, 12, 377, -100, -123
-1, 12, 376, -100, -124
-1, 12, 375, -100, -125
-1, 12, 374, -100, -126
-1, 12, 373, -100, -127
-1, 12, 372, -100, -128
-1, 12, 371, -100, -129
-1, 12, 370, -100, -130
-1, 12, 369, -100, -131
-1, 11, 368, -100, -132
-1, 11, 367, -100, -133
-1, 11, 366, -100, -134
-1, 11, 365, -100, -135
-1, 11, 364, -100, -136
-1, 11, 363, -100, -137
-1, 11, 362, -100, -138
-1, 11, 361, -100, -139
-1, 11, 360, -100, -140
-1, 11, 359, -100, -141
-1, 11, 358, -100, -142
-1, 11, 357, -100, -143
-1, 11, 356, -100, -144
-1, 11, 355, -100, -145
-1, 11, 354, -100, -146
-1, 11, 353, -100, -147
-1, 11, 352, -100, -148
-1, 11, 351, -100, -149
-1, 10, 350, -100, -150
-1, 10, 349, -100, -151
-1, 10, 348, -100, -152
-1, 10, 347, -100, -153
-1, 10, 346, -100, -154
-1, 10, 345, -100, -155
-1, 10, 344, -100, -156
-1, 10, 343, -100, -157
-1, 10, 342, -100, -158
-1, 10, 341, -100, -159
-1, 10, 340, -100, -160
-1, 10, 339, -100, -161
-1, 10, 338, -100, -162
-1, 10, 337, -100, -163
-1, 10, 336, -100, -164
-1, 10, 335, -100, -165
-1, 10, 334, -100, -166
-1, 10, 333, -100, -167
-1, 10, 332, -100, -168
-1, 10, 331, -100, -169
-1, 10, 330, -100, -170
-1, 10, 329, -100, -171
-1, 9, 328, -100, -172
-1, 9, 327, -100, -173
-1, 9, 326, -100, -174
-1, 9, 325, -100, -175
-1, 9, 324, -100, -176
-1, 9, 323, -100, -177
-1, 9, 322, -100, -178
-1, 9, 321, -100, -179
-1, 9, 320, -100, -180
-1, 9, 319, -100, -181
-1, 9, 318, -100, -182
-1, 9, 317, -100, -183
-1, 9, 316, -100, -184
-1, 9, 315, -100, -185
-1, 9, 314, -100, -186
-1, 9, 313, -100, -187
-1, 9, 312, -100, -188
-1, 9, 311, -100, -189
-1, 9, 310, -100, -190
-1, 9, 309, -100, -191
-1, 9, 308, -100, -192
-1, 9, 307, -100, -193
-1, 9, 306, -100, -194
-1, 9, 305, -100, -195
-1, 9, 304, -100, -196
-1, 9, 303, -100, -197
-1, 9, 302, -100, -198
-1, 8, 301, -100, -199
-1, 8, 300, -100, -200
-1, 8, 299, -100, -201
-1, 8, 298, -100, -202
-1, 8, 297, -100, -203
-1, 8, 296, -100, -204
-1, 8, 295, -100, -205
-1, 8, 294, -100, -206
-1, 8, 293, -100, -207
-1, 8, 292, -100, -208
-1, 8, 291, -100, -209
-1, 8, 290, -100, -210
-1, 8, 289, -100, -211
-1, 8, 288, -100, -212
-1, 8, 287, -100, -213
-1, 8, 286, -100, -214
-1, 8, 285, -100, -215
-1, 8, 284, -100, -216
-1, 8, 283, -100, -217
-1, 8, 282, -100, -218
-1, 8, 281, -100, -219
-1, 8, 280, -100, -220
-1, 8, 279, -100, -221
-1, 8, 278, -100, -222
-1, 8, 277, -100, -223
-1, 8, 276, -100, -224
-1, 8, 275, -100, -225
-1, 8, 274, -100, -226
-1, 8, 273, -100, -227
-1, 8, 272, -100, -228
-1, 8, 271, -100, -229
-1, 8, 270, -100, -230
-1, 8, 269, -100, -231
-1, 8, 268, -100, -232
-1, 7, 267, -100, -233
-1, 7, 266, -100, -234
-1, 7, 265, -100, -235
-1, 7, 264, -100, -236
-1, 7, 263, -100, -237
-1, 7, 262, -100, -238
-1, 7, 261, -100, -239
-1, 7, 260, -100, -240
-1, 7, 259, -100, -241
-1, 7, 258, -100, -242
-1, 7, 257, -100, -243
-1, 7, 256, -100, -244
-1, 7, 255, -100, -245
-1, 7, 254, -100, -246
-1, 7, 253, -100, -247
-1, 7, 252, -100, -248
-1, 7, 251, -100, -249
-1, 7, 250, -100, -250
-1, 7, 249, -100, -251
-1, 7, 248, -100, -252
-1, 7, 247, -100, -253
-1, 7, 246, -100, -254
-1, 7, 245, -100, -255
-1, 7, 244, -100, -256
-1, 7, 243, -100, -257
-1, 7, 242, -100, -258
-1, 7, 241, -100, -259
-1, 7, 240, -100, -260
-1, 7, 239, -100, -261
-1, 7, 238, -100, -262
-1, 7, 237, -100, -263
-1, 7, 236, -100, -264
-1, 7, 235, -100, -265
-1, 7, 234, -100, -266
-1, 7, 233, -100, -267
-1, 7, 232, -100, -268
-1, 7, 231, -100, -269
-1, 7, 230, -100, -270
-1, 7, 229, -100, -271
-1, 7, 228, -100, -272
-1, 7, 227, -100, -273
-1, 7, 226, -100, -274
-1, 7, 225, -100, -275
-1, 7, 224, -100, -276
-1, 6, 223, -100, -277
-1, 6, 222, -100, -278
-1, 6, 221, -100, -279
-1, 6, 220, -100, -280
-1, 6, 219, -100, -281
-1, 6, 218, -100, -282
-1, 6, 217, -100, -283
-1, 6, 216, -100, -284
-1, 6, 215, -100, -285
-1, 6, 214, -100, -286
-1, 6, 213, -100, -287
-1, 6, 212, -100, -288
-1, 6, 211, -100, -289
-1, 6, 210, -100, -290
-1, 6, 209, -100, -291
-1, 6, 208, -100, -292
-1, 6, 207, -100, -293
-1, 6, 206, -100, -294
-1, 6, 205, -100, -295
-1, 6, 204, -100, -296
-1, 6, 203, -100, -297
-1, 6, 202, -100, -298
-1, 6, 201, -100, -299
-1, 6, 200, -100, -300
-1, 6, 199, -100, -299
-1, 6, 198, -100, -298
-1, 6, 197, -100, -297
-1, 6, 196, -100, -296
-1, 6, 195, -100, -295
-1, 6, 194, -100, -294
-1, 6, 193, -100, -293
-1, 6, 192, -100, -292
-1, 6, 191, -100, -291
-1, 6, 190, -100, -290
-1, 6, 189, -100, -289
-1, 6, 188, -100, -288
-1, 6, 187, -100, -287
-1, 6, 186, -100, -286
-1, 6, 185, -100, -285
-1, 6, 184, -100, -284
-1, 6, 183, -100, -283
-1, 6, 182, -100, -282
-1, 6, 181, -100, -281
-1, 6, 180, -100, -280
-1, 6, 179, -100, -279
-1, 6, 178, -100, -278
-1, 6, 177, -100, -277
-1, 6, 176, -100, -276
-1, 6, 175, -100, -275
-1, 7, 174, -100, -274
-1, 7, 173, -100, -273
-1, 7, 172, -100, -272
-1, 7, 171, -100, -271
-1, 7, 170, -100, -270
-1, 7, 169, -100, -269
-1, 7, 168, -100, -268
-1, 7, 167, -100, -267
-1, 7, 166, -100, -266
-1, 7, 165, -100, -265
-1, 7, 164, -100, -264
-1, 7, 163, -100, -263
-1, 7, 162, -100, -262
-1, 7, 161, -100, -261
-1, 7, 160, -100, -260
-1, 7, 159, -100, -259
-1, 7, 158, -100, -258
-1, 7, 157, -100, -257
-1, 7, 156, -100, -256
-1, 7, 155, -100, -255
-1, 7, 154, -100, -254
-1, 7, 153, -100, -253
-1, 7, 152, -100, -252
-1, 7, 151, -100, -251
-1, 7, 150, -100, -250
-1, 7, 149, -100, -249
-1, 7, 148, -100, -248
-1, 7, 147, -100, -247
-1, 7, 146, -100, -246
-1, 7, 145, -100, -245
-1, 7, 144, -100, -244
-1, 7, 143, -100, -243
-1, 7, 142, -100, -242
-1, 7, 141, -100, -241
-1, 7, 140, -100, -240
-1, 7, 139, -100, -239
-1, 7, 138, -100, -238
-1, 7, 137, -100, -237
-1, 7, 136, -100, -236
-1, 7, 135, -100, -235
-1, 7, 134, -100, -234
-1, 7, 133, -100, -233
-1, 7, 132, -100, -232
-1, 7, 131, -100, -231
-1, 8, 130, -100, -230
-1, 8, 129, -100, -229
-1, 8, 128, -100, -228
-1, 8, 127, -100, -227
-1, 8, 126, -100, -226
-1, 8, 125, -100, -225
-1, 8, 124, -100, -224
-1, 8, 123, -100, -223
-1, 8, 122, -100, -222
-1, 8, 121, -100, -221
-1, 8, 120, -100, -220
-1, 8, 119, -100, -219
-1, 8, 118, -100, -218
-1, 8, 117, -100, -217
-1, 8, 116, -100, -216
-1, 8, 115, -100, -215
-1, 8, 114, -100, -214
-1, 8, 113, -100, -213
-1, 8, 112, -100, -212
-1, 8, 111, -100, -211
-1, 8, 110, -100, -210
-1, 8, 109, -100, -209
-1, 8, 108, -100, -208
-1, 8, 107, -100, -207
-1, 8, 106, -100, -206
-1, 8, 105, -100, -205
-1, 8, 104, -100, -204
-1, 8, 103, -100, -203
-1, 8, 102, -100, -202
-1, 8, 101, -100, -201
-1, 8, 100, -100, -200
-1, 8, 99, -100, -199
-1, 8, 98, -100, -198
-1, 8, 97, -100, -197
-1, 9, 96, -100, -196
-1, 9, 95, -100, -195
-1, 9, 94, -100, -194
-1, 9, 93, -100, -193
-1, 9, 92, -100, -192
-1, 9, 91, -100, -191
-1, 9, 90, -100, -190
-1, 9, 89, -100, -189
-1, 9, 88, -100, -188
-1, 9, 87, -100, -187
-1, 9, 86, -100, -186
-1, 9, 85, -100, -185
-1, 9, 84, -100, -184
-1, 9, 83, -100, -183
-1, 9, 82, -100, -182
-1, 9, 81, -100, -181
-1, 9, 80, -100, -180
-1, 9, 79, -100, -179
-1, 9, 78, -100, -178
-1, 9, 77, -100, -177
-1, 9, 76, -100, -176
-1, 9, 75, -100, -175
-1, 9, 74, -100, -174
-1, 9, 73, -100, -173
-1, 9, 72, -100, -172
-1, 9, 71, -100, -171
-1, 9, 70, -100, -170
-1, 10, 69, -100, -169
-1, 10, 68, -100, -168
-1, 10, 67, -100, -167
-1, 10, 66, -100, -166
-1, 10, 65, -100, -165
-1, 10, 64, -100, -164
-1, 10, 63, -100, -163
-1, 10, 62, -100, -162
-1, 10, 61, -100, -161
-1, 10, 60, -100, -160
-1, 10, 59, -100, -159
-1, 10, 58, -100, -158
-1, 10, 57, -100, -157
-1, 10, 56, -100, -156
-1, 10, 55, -100, -155
-1, 10, 54, -100, -154
-1, 10, 53, -100, -153
-1, 10, 52, -100, -152
-1, 10, 51, -100, -151
-1, 10, 50, -100, -150
-1, 10, 49, -100, -149
-1, 10, 48, -100, -148
-1, 11, 47, -100, -147
-1, 11, 46, -100, -146
-1, 11, 45, -100, -145
-1, 11, 44, -100, -144
-1, 11, 43, -100, -143
-1, 11, 42, -100, -142
-1, 11, 41, -100, -141
-1, 11, 40, -100, -140
-1, 11, 39, -100, -139
-1, 11, 38, -100, -138
-1, 11, 37, -100, -137
-1, 11, 36, -100, -136
-1, 11, 35, -100, -135
-1, 11, 34, -100, -134
-1, 11, 33, -100, -133
-1, 11, 32, -100, -132
-1, 11, 31, -100, -131
-1, 11, 30, -100, -130
-1, 12, 29, -100, -129
-1, 12, 28, -100, -128
-1, 12, 27, -100, -127
-1, 12, 26, -100, -126
-1, 12, 25, -100, -125
-1, 12, 24, -100, -124
-1, 12, 23, -100, -123
-1, 12, 22, -100, -122
-1, 12, 21, -100, -121
-1, 12, 20, -100, -120
-1, 12, 19, -100, -119
-1, 12, 18, -100, -118
-1, 12, 17, -100, -117
-1, 12, 16, -100, -116
-1, 12, 15, -100, -115
-1, 13, 14, -100, -114
-1, 13, 13, -100, -113
-1, 13, 12, -100, -112
-1, 13, 11, -100, -111
-1, 13, 10, -100, -110
-1, 13, 9, -100, -109
-1, 13, 8, -100, -108
-1, 13, 7, -100, -107
-1, 13, 6, -100, -106
-1, 13, 5, -100, -105
-1, 13, 4, -100, -104
-1, 13, 3, -100, -103
-1, 14, 2, -100, -102
-1, 14, 1, -100, -101
-1, 14, 0, -100, -100
-1, 14, -1, -100, -99
-1, 14, -2, -100, -98
-1, 14, -3, -100, -97
-1, 14, -4, -100, -96
-1, 14, -5, -100, -95
-1, 14, -6, -100, -94
-1, 14, -7, -100, -93
-1, 14, -8, -100, -92
-1, 15, -9, -100, -91
-1, 15, -10, -100, -90
-1, 15, -11, -100, -89
-1, 15, -12, -100, -88
-1, 15, -13, -100, -87
-1, 15, -14, -100, -86
-1, 15, -15, -100, -85
-1, 15, -16, -100, -84
-1, 15, -17, -100, -83
-1, 16, -18, -100, -82
-1, 16, -19, -100, -81
-1, 16, -20, -100, -80
-1, 16, -21, -100, -79
-1, 16, -22, -100, -78
-1, 16, -23, -100, -77
-1, 16, -24, -100, -76
-1, 17, -25, -100, -75
-1, 17, -26, -100, -74
-1, 17, -27, -100, -73
-1, 17, -28, -100, -72
-1, 17, -29, -100, -71
-1, 17, -30, -100, -70
-1, 17, -31, -100, -69
-1, 18, -32, -100, -68
-1, 18, -33, -100, -67
-1, 18, -34, -100, -66
-1, 18, -35, -100, -65
-1, 18, -36, -100, -64
-1, 18, -37, -100, -63
-1, 19, -38, -100, -62
-1, 19, -39, -100, -61
-1, 19, -40, -100, -60
-1, 19, -41, -100, -59
-1, 19, -42, -100, -58
-1, 20, -43, -100, -57
-1, 20, -44, -100, -56
-1, 20, -45, -100, -55
-1, 20, -46, -100, -54
-1, 20, -47, -100, -53
-1, 21, -48, -100, -52
-1, 21, -49, -100, -51
-1, 21, -50, -100, -50
-1, 21, -51, -100, -49
-1, 22, -52, -100, -48
-1, 22, -53, -100, -47
-1, 22, -54, -100, -46
-1, 23, -55, -100, -45
-1, 23, -56, -100, -44
-1, 23, -57, -100, -43
-1, 23, -58, -100, -42
-1, 24, -59, -100, -41
-1, 24, -60, -100, -40
-1, 25, -61, -100, -39
-1, 25, -62, -100, -38
-1, 25, -63, -100, -37
-1, 26, -64, -100, -36
-1, 26, -65, -100, -35
-1, 27, -66, -100, -34
-1, 27, -67, -100, -33
-1, 28, -68, -100, -32
-1, 28, -69, -100, -31
-1, 29, -70, -100, -30
-1, 29, -71, -100, -29
-1, 30, -72, -100, -28
-1, 30, -73, -100, -27
-1, 31, -74, -100, -26
-1, 32, -75, -100, -25
-1, 32, -76, -100, -24
-1, 33, -77, -100, -23
-1, 34, -78, -100, -22
-1, 35, -79, -100, -21
-1, 36, -80, -100, -20
-1, 37, -81, -100, -19
-1, 38, -82, -100, -18
-1, 39, -83, -100, -17
-1, 40, -84, -100, -16
-1, 42, -85, -100, -15
-1, 43, -86, -100, -14
-1, 45, -87, -100, -13
-1, 47, -88, -100, -12
-1, 49, -89, -100, -11
-1, 52, -90, -100, -10
-1, 55, -91, -100, -9
-1, 58, -92, -100, -8
-1, 62, -93, -100, -7
-1, 67, -94, -100, -6
-1, 73, -95, -100, -5
-1, 81, -96, -100, -4
-1, 93, -97, -100, -3
-1, 111, -98, -100, -2
-1, 145, -99, -100, -1
-1, 300, -100, -100, 0
0, 0, -100, -100, 0
0, 0, -100, -100, 0
0, 0, -100, -100, 0
0, 0, -100, -100, 0
0, 0, -100, -100, 0
0, 0, -100, -100, 0
0, 0, -100, -100, 0
0, 0, -100, -100, 0
0, 0, -100, -100, 0
0, 0, -100, -100, 0
0, 0, -100, -100, 0
0, 0, -100, -100, 0
0, 0, -100, -100, 0
0, 0, -100, -100, 0
0, 0, -100, -100, 0
0, 0, -100, -100, 0
0, 0, -100, -100, 0
0, 0, -100, -100, 0
0, 0, -100, -100, 0
0, 0, -100, -100, 0
0, 0, -100, -100, 0
0, 0, -100, -100, 0
0, 0, -100, -100, 0
0, 0, -100, -100, 0
0, 0, -100, -100, 0
0, 0, -100, -100, 0
0, 0, -100, -100, 0
0, 0, -100, -100, 0
0, 0, -100, -100, 0
0, 0, -100, -100, 0
0, 0, -100, -100, 0
0, 0, -100, -100, 0
0, 0, -100, -100, 0
0, 0, -100, -100, 0
0, 0, -100, -100, 0
0, 0, -100, -100, 0
0, 0, -100, -100, 0
0, 0, -100, -100, 0
0, 0, -100, -100, 0
0, 0, -100, -100, 0
0, 0, -100, -100, 0
0, 0, -100, -100, 0
0, 0, -100, -100, 0
0, 0, -100, -100, 0
0, 0, -100, -100, 0
0, 0, -100, -100, 0
0, 0, -100, -100, 0
0, 0, -100, -100, 0
0, 0, -100, -100, 0
0, 0, -100, -100, 0
0, 0, -100, -100, 0
0, 0, -100, -100, 0
0, 0, -100, -100, 0
0, 0, -100, -100, 0
0, 0, -100, -100, 0
0, 0, -100, -100, 0
0, 0, -100, -100, 0
0, 0, -100, -100, 0
0, 0, -100, -100, 0
0, 0, -100, -100, 0
0, 0, -100, -100, 0
0, 0, -100, -100, 0
0, 0, -100, -100, 0
0, 0, -100, -100, 0
0, 0, -100, -100, 0
0, 0, -100, -100, 0
0, 0, -100, -100, 0
0, 0, -100, -100, 0
0, 0, -100, -100, 0
0, 0, -100, -100, 0
0, 0, -100, -100, 0
0, 0, -100, -100, 0
0, 0, -100, -100, 0
0, 0, -100, -100, 0
0, 0, -100, -100, 0
0, 0, -100, -100, 0
0, 0, -100, -100, 0
0, 0, -100, -100, 0
0, 0, -100, -100, 0
0, 0, -100, -100, 0
0, 0, -100, -100, 0
0, 0, -100, -100, 0
0, 0, -100, -100, 0
0, 0, -100, -100, 0
0, 0, -100, -100, 0
0, 0, -100, -100, 0
0, 0, -100, -100, 0
0, 0, -100, -100, 0
0, 0, -100, -100, 0
0, 0, -100, -100, 0
0, 0, -100, -100, 0
0, 0, -100, -100, 0
0, 0, -100, -100, 0
0, 0, -100, -100, 0
0, 0, -100, -100, 0
0, 0, -100, -100, 0
0, 0, -100, -100, 0
0, 0, -100, -100, 0
0, 0, -100, -100, 0
0, 0, -100, -100, 0
0, 0, -100, -100, 0
0, 0, -100, -100, 0
0, 0, -100, -100, 0
0, 0, -100, -100, 0
0, 0, -100, -100, 0
0, 0, -100, -100, 0
0, 0, -100, -100, 0
0, 0, -100, -100, 0
0, 0, -100, -100, 0
0, 0, -100, -100, 0
0, 0, -100, -100, 0
0, 0, -100, -100, 0
0, 0, -100, -100, 0
0, 0, -100, -100, 0
0, 0, -100, -100, 0
0, 0, -100, -100, 0
0, 0, -100, -100, 0
0, 0, -100, -100, 0
0, 0, -100, -100, 0
0, 0, -100, -100, 0
0, 0, -100, -100, 0
0, 0, -100, -100, 0
0, 0, -100, -100, 0
0, 0, -100, -100, 0
0, 0, -100, -100, 0
0, 0, -100, -100, 0
0, 0, -100, -100, 0
0, 0, -100, -100, 0
0, 0, -100, -100, 0
0, 0, -100, -100, 0
0, 0, -100, -100, 0
0, 0, -100, -100, 0
0, 0, -100, -100, 0
0, 0, -100, -100, 0
0, 0, -100, -100, 0
0, 0, -100, -100, 0
0, 0, -100, -100, 0
0, 0, -100, -100, 0
0, 0, -100, -100, 0
0, 0, -100, -100, 0
0, 0, -100, -100, 0
0, 0, -100, -100, 0
0, 0, -100, -100, 0
0, 0, -100, -100, 0
0, 0, -100, -100, 0
0, 0, -100, -100, 0
0, 0, -100, -100, 0
0, 0, -100, -100, 0
0, 0, -100, -100, 0
0, 0, -100, -100, 0
0, 0, -100, -100, 0
0, 0, -100, -100, 0
0, 0, -100, -100, 0
0, 0, -100, -100, 0
0, 0, -100, -100, 0
0, 0, -100, -100, 0
0, 0, -100, -100, 0
0, 0, -100, -100, 0
0, 0, -100, -100, 0
0, 0, -100, -100, 0
0, 0, -100, -100, 0
0, 0, -100, -100, 0
0, 0, -100, -100, 0
0, 0, -100, -100, 0
0, 0, -100, -100, 0
0, 0, -100, -100, 0
0, 0, -100, -100, 0
0, 0, -100, -100, 0
0, 0, -100, -100, 0
0, 0, -100, -100, 0
0, 0, -100, -100, 0
0, 0, -100, -100, 0
0, 0, -100, -100, 0
0, 0, -100, -100, 0
0, 0, -100, -100, 0
0, 0, -100, -100, 0
0, 0, -100, -100, 0
0, 0, -100, -100, 0
0, 0, -100, -100, 0
0, 0, -100, -100, 0
0, 0, -100, -100, 0
0, 0, -100, -100, 0
0, 0, -100, -100, 0
0, 0, -100, -100, 0
0, 0, -100, -100, 0
0, 0, -100, -100, 0
0, 0, -100, -100, 0
0, 0, -100, -100, 0
0, 0, -100, -100, 0
0, 0, -100, -100, 0
0, 0, -100, -100, 0
0, 0, -100, -100, 0
0, 0, -100, -100, 0
0, 0, -100, -100, 0
0, 0, -100, -100, 0
0, 0, -100, -100, 0
0, 0, -100, -100, 0
0, 0, -100, -100, 0
0, 0, -100, -100, 0
0, 0, -100, -100, 0
0, 0, -100, -100, 0
0, 0, -100, -100, 0
0, 0, -100, -100, 0
0, 0, -100, -100, 0
0, 0, -100, -100, 0
0, 0, -100, -100, 0
0, 0, -100, -100, 0
0, 0, -100, -100, 0
0, 0, -100, -100, 0
0, 0, -100, -100, 0
0, 0, -100, -100, 0
0, 0, -100, -100, 0
0, 0, -100, -100, 0
0, 0, -100, -100, 0
0, 0, -100, -100, 0
0, 0, -100, -100, 0
0, 0, -100, -100, 0
0, 0, -100, -100, 0
0, 0, -100, -100, 0
0, 0, -100, -100, 0
0, 0, -100, -100, 0
0, 0, -100, -100, 0
0, 0, -100, -100, 0
0, 0, -100, -100, 0
0, 0, -100, -100, 0
0, 0, -100, -100, 0
0, 0, -100, -100, 0
0, 0, -100, -100, 0
0, 0, -100, -100, 0
0, 0, -100, -100, 0
0, 0, -100, -100, 0
0, 0, -100, -100, 0
0, 0, -100, -100, 0
0, 0, -100, -100, 0
0, 0, -100, -100, 0
0, 0, -100, -100, 0
0, 0, -100, -100, 0
0, 0, -100, -100, 0
0, 0, -100, -100, 0
0, 0, -100, -100, 0
0, 0, -100, -100, 0
0, 0, -100, -100, 0
0, 0, -100, -100, 0
0, 0, -100, -100, 0
0, 0, -100, -100, 0
0, 0, -100, -100, 0
0, 0, -100, -100, 0
0, 0, -100, -100, 0
0, 0, -100, -100, 0
0, 0, -100, -100, 0
0, 0, -100, -100, 0
0, 0, -100, -100, 0
0, 0, -100, -100, 0
0, 0, -100, -100, 0
0, 0, -100, -100, 0
0, 0, -100, -100, 0
0, 0, -100, -100, 0
0, 0, -100, -100, 0
0, 0, -100, -100, 0
0, 0, -100, -100, 0
0, 0, -100, -100, 0
0, 0, -100, -100, 0
0, 0, -100, -100, 0
0, 0, -100, -100, 0
0, 0, -100, -100, 0
0, 0, -100, -100, 0
0, 0, -100, -100, 0
0, 0, -100, -100, 0
0, 0, -100, -100, 0
0, 0, -100, -100, 0
0, 0, -100, -100, 0
0, 0, -100, -100, 0
0, 0, -100, -100, 0
0, 0, -100, -100, 0
0, 0, -100, -100, 0
0, 0, -100, -100, 0
0, 0, -100, -100, 0
0, 0, -100, -100, 0
0, 0, -100, -100, 0
0, 0, -100, -100, 0
0, 0, -100, -100, 0
0, 0, -100, -100, 0
0, 0, -100, -100, 0
0, 0, -100, -100, 0
0, 0, -100, -100, 0
0, 0, -100, -100, 0
0, 0, -100, -100, 0
0, 0, -100, -100, 0
0, 0, -100, -100, 0
0, 0, -100, -100, 0
0, 0, -100, -100, 0
0, 0, -100, -100, 0
0, 0, -100, -100, 0
0, 0, -100, -100, 0
0, 0, -100, -100, 0
0, 0, -100, -100, 0
0, 0, -100, -100, 0
0, 0, -100, -100, 0
0, 0, -100, -100, 0
0, 0, -100, -100, 0
0, 0, -100, -100, 0
0, 0, -100, -100, 0
0, 0, -100, -100, 0
0, 0, -100, -100, 0
0, 0, -100, -100, 0
0, 0, -100, -100, 0
0, 0, -100, -100, 0
0, 0, -100, -100, 0
0, 0, -100, -100, 0
0, 0, -100, -100, 0
0, 0, -100, -100, 0
0, 0, -100, -100, 0
0, 0, -100, -100, 0
0, 0, -100, -100, 0
0, 0, -100, -100, 0
0, 0, -100, -100, 0
0, 0, -100, -100, 0
0, 0, -100, -100, 0
0, 0, -100, -100, 0
0, 0, -100, -100, 0
0, 0, -100, -100, 0
0, 0, -100, -100, 0
0, 0, -100, -100, 0
0, 0, -100, -100, 0
0, 0, -100, -100, 0
0, 0, -100, -100, 0
0, 0, -100, -100, 0
0, 0, -100, -100, 0
0, 0, -100, -100, 0
0, 0, -100, -100, 0
0, 0, -100, -100, 0
0, 0, -100, -100, 0
0, 0, -100, -100, 0
0, 0, -100, -100, 0
0, 0, -100, -100, 0
0, 0, -100, -100, 0
0, 0, -100, -100, 0
0, 0, -100, -100, 0
0, 0, -100, -100, 0
0, 0, -100, -100, 0
0, 0, -100, -100, 0
0, 0, -100, -100, 0
0, 0, -100, -100, 0
0, 0, -100, -100, 0
0, 0, -100, -100, 0
0, 0, -100, -100, 0
0, 0, -100, -100, 0
0, 0, -100, -100, 0
0, 0, -100, -100, 0
0, 0, -100, -100, 0
0, 0, -100, -100, 0
0, 0, -100, -100, 0
0, 0, -100, -100, 0
0, 0, -100, -100, 0
0, 0, -100, -100, 0
0, 0, -100, -100, 0
0, 0, -100, -100, 0
0, 0, -100, -100, 0
0, 0, -100, -100, 0
0, 0, -100, -100, 0
0, 0, -100, -100, 0
0, 0, -100, -100, 0
0, 0, -100, -100, 0
0, 0, -100, -100, 0
0, 0, -100, -100, 0
0, 0, -100, -100, 0
0, 0, -100, -100, 0
0, 0, -100, -100, 0
0, 0, -100, -100, 0
0, 0, -100, -100, 0
0, 0, -100, -100, 0
0, 0, -100, -100, 0
0, 0, -100, -100, 0
0, 0, -100, -100, 0
0, 0, -100, -100, 0
0, 0, -100, -100, 0
0, 0, -100, -100, 0
0, 0, -100, -100, 0
0, 0, -100, -100, 0
0, 0, -100, -100, 0
0, 0, -100, -100, 0
0, 0, -100, -100, 0
0, 0, -100, -100, 0
0, 0, -100, -100, 0
0, 0, -100, -100, 0
0, 0, -100, -100, 0
0, 0, -100, -100, 0
0, 0, -100, -100, 0
0, 0, -100, -100, 0
0, 0, -100, -100, 0
0, 0, -100, -100, 0
0, 0, -100, -100, 0
0, 0, -100, -100, 0
0, 0, -100, -100, 0
0, 0, -100, -100, 0
0, 0, -100, -100, 0
0, 0, -100, -100, 0
0, 0, -100, -100, 0
0, 0, -100, -100, 0
0, 0, -100, -100, 0
